"","Concentrated","Petition_1","Petition_2","Petition_3","Petition_4","Petition_5","Petition_6","Petition_7","Petition_8","Age","Gender","Ethnicity_1","Ethnicity_2","Ethnicity_3","Ethnicity_4","Ethnicity_5","Ethnicity_6","Religion","Services","Confidence_religion","Pak","Politics","Morals","Conservative","Education","Income","Q215","Ladder","Ladder_resp","Employed","LostJob","Technical","code"
"1",NA,NA,1,1,NA,1,1,1,NA,50,1,1,NA,NA,NA,NA,NA,0,1,3,2,1,5,1,5,1,NA,1,NA,1,2,1,NA
"2",NA,NA,1,NA,NA,1,1,NA,1,52,1,1,NA,NA,NA,NA,1,0,1,4,1,NA,5,1,5,NA,1,1,4,1,2,1,1
"3",1,1,1,NA,1,NA,NA,1,1,27,2,1,NA,NA,NA,NA,NA,8,3,2,2,1,4,3,3,1,1,1,3,NA,2,1,NA
"4",NA,NA,NA,NA,NA,NA,NA,NA,NA,37,2,1,NA,NA,NA,NA,NA,1,NA,2,1,1,NA,5,5,3,1,1,8,1,2,1,1
"5",1,NA,1,1,NA,1,1,1,NA,NA,2,NA,NA,1,NA,NA,NA,8,NA,-4,1,1,6,NA,6,5,1,1,6,1,1,1,NA
"6",NA,NA,1,1,NA,NA,1,NA,NA,36,2,1,NA,NA,NA,NA,NA,1,3,4,1,5,4,2,5,NA,1,NA,3,1,2,1,1
"7",1,NA,NA,NA,1,1,NA,NA,1,19,2,NA,NA,NA,NA,NA,NA,0,1,-4,1,NA,2,3,2,2,1,1,6,NA,2,1,NA
"8",1,1,NA,1,1,1,NA,1,NA,44,1,1,NA,NA,NA,NA,NA,0,4,-2,NA,NA,7,4,4,3,1,1,7,NA,2,2,1
"9",1,NA,1,NA,1,NA,1,NA,1,50,2,1,NA,NA,NA,NA,NA,7,2,NA,1,3,6,1,4,2,1,1,5,NA,2,1,1
"10",1,NA,NA,1,1,1,1,1,1,42,1,1,NA,NA,NA,NA,NA,8,4,-4,1,3,5,2,5,NA,1,1,8,NA,2,1,1
"11",NA,1,NA,1,NA,1,NA,1,1,21,1,NA,NA,NA,NA,NA,NA,7,NA,NA,1,2,6,3,5,4,1,NA,7,2,2,1,NA
"12",NA,1,1,NA,1,NA,NA,NA,NA,61,2,1,NA,NA,NA,NA,NA,0,3,NA,1,3,4,3,2,3,1,1,9,1,1,NA,1
"13",1,NA,NA,1,1,NA,NA,NA,1,24,1,1,NA,NA,NA,NA,NA,7,2,-3,1,3,5,NA,6,4,1,1,3,NA,1,1,NA
"14",1,1,1,NA,NA,NA,1,1,NA,59,1,1,NA,NA,NA,NA,NA,4,4,0,2,2,7,3,5,1,1,1,8,1,1,1,1
"15",NA,NA,NA,1,NA,1,1,NA,1,35,2,1,NA,NA,NA,NA,NA,7,1,0,2,4,4,5,5,3,1,NA,5,2,NA,1,1
"16",1,NA,1,1,NA,NA,1,NA,NA,41,1,NA,NA,NA,NA,NA,NA,1,2,2,1,2,5,5,7,2,1,1,5,2,1,1,1
"17",NA,1,NA,1,NA,NA,1,NA,1,45,1,1,NA,NA,NA,NA,NA,7,1,4,1,2,6,2,2,3,1,1,8,2,2,2,1
"18",NA,NA,1,1,NA,NA,1,NA,1,35,1,NA,NA,NA,NA,NA,NA,1,1,4,1,1,3,2,NA,3,NA,1,6,NA,2,1,NA
"19",1,NA,1,NA,NA,NA,NA,1,1,32,NA,1,NA,NA,NA,NA,1,0,NA,-3,2,6,7,2,6,3,1,1,NA,1,2,1,1
"20",1,1,1,1,NA,NA,NA,1,1,30,1,1,NA,NA,NA,NA,NA,0,2,-3,2,3,4,NA,4,3,1,1,4,2,2,NA,1
"21",1,NA,NA,1,1,1,1,1,NA,30,2,1,NA,NA,NA,NA,NA,1,4,0,1,NA,3,3,5,2,1,1,NA,2,1,1,1
"22",1,1,1,1,1,1,1,1,1,32,NA,NA,NA,NA,NA,NA,NA,NA,2,2,1,NA,5,2,4,4,1,1,6,1,NA,1,1
"23",1,NA,NA,NA,1,NA,NA,1,1,34,1,NA,NA,NA,NA,NA,NA,5,2,-2,1,NA,6,NA,4,2,1,1,5,1,1,NA,1
"24",NA,NA,NA,NA,NA,1,1,NA,1,32,2,1,NA,1,NA,NA,NA,1,1,-1,1,4,NA,6,2,3,1,1,4,2,1,1,1
"25",1,1,1,1,NA,NA,1,1,1,24,2,1,NA,NA,NA,NA,NA,0,5,4,1,NA,5,3,NA,4,1,NA,5,NA,1,2,1
"26",NA,NA,NA,1,NA,NA,1,1,NA,21,1,1,NA,NA,NA,NA,NA,1,1,-4,2,5,NA,3,4,3,1,1,6,1,2,1,1
"27",NA,NA,NA,NA,NA,1,1,1,NA,32,2,1,NA,NA,NA,NA,NA,1,1,-4,1,1,4,4,4,3,1,1,9,1,1,1,1
"28",1,NA,NA,NA,NA,1,NA,NA,1,30,NA,1,NA,NA,NA,NA,NA,1,2,4,1,3,NA,2,5,3,1,1,5,NA,1,1,1
"29",1,NA,NA,1,NA,1,1,NA,1,24,1,1,1,NA,NA,NA,NA,7,1,2,1,2,NA,4,4,1,1,1,6,1,2,2,1
"30",1,1,NA,NA,NA,1,1,1,NA,22,1,1,NA,NA,NA,NA,NA,8,4,-4,1,3,4,2,4,3,1,1,8,1,2,1,1
"31",NA,NA,NA,NA,NA,NA,1,NA,NA,32,2,NA,NA,NA,NA,NA,NA,1,1,-4,2,2,2,4,4,3,NA,1,5,1,1,1,1
"32",1,NA,NA,NA,1,NA,NA,NA,1,36,1,1,NA,NA,NA,NA,NA,1,2,2,1,1,5,2,4,2,1,1,3,NA,2,1,1
"33",NA,NA,NA,NA,NA,1,NA,1,NA,50,2,1,NA,1,NA,NA,NA,0,1,-1,1,4,6,1,5,1,1,1,7,1,2,1,1
"34",NA,NA,NA,1,1,NA,NA,NA,1,56,1,1,NA,NA,NA,NA,NA,1,2,-3,NA,3,5,4,3,3,1,NA,9,1,NA,2,1
"35",1,1,1,NA,1,1,NA,NA,1,23,1,1,NA,NA,NA,1,NA,1,1,-4,1,1,2,2,3,5,1,1,7,2,2,2,NA
"36",1,NA,NA,NA,NA,1,1,NA,NA,31,2,NA,NA,NA,NA,NA,NA,1,NA,-1,1,NA,NA,2,NA,3,1,1,3,2,2,1,1
"37",1,1,1,1,NA,NA,1,1,1,25,1,1,NA,NA,NA,NA,NA,8,2,0,2,3,5,4,NA,4,1,1,7,1,1,1,NA
"38",1,NA,1,NA,NA,1,1,NA,1,40,2,1,NA,NA,NA,NA,NA,1,3,4,NA,4,4,4,5,4,1,1,6,1,2,1,1
"39",NA,1,NA,1,NA,1,1,1,1,47,2,NA,NA,NA,NA,NA,NA,1,4,4,1,1,5,3,6,5,1,1,NA,NA,2,2,NA
"40",1,1,1,1,NA,NA,1,1,NA,27,2,NA,NA,NA,NA,NA,NA,8,1,4,1,1,5,2,4,2,1,NA,11,1,NA,2,1
"41",NA,NA,1,1,NA,1,NA,NA,NA,NA,1,1,NA,NA,NA,NA,NA,NA,4,1,1,3,4,1,4,3,1,1,8,1,2,1,1
"42",NA,NA,NA,NA,1,NA,NA,NA,1,28,2,1,NA,NA,NA,NA,NA,NA,1,-4,1,1,4,5,5,NA,1,1,6,1,2,1,NA
"43",NA,1,1,1,1,1,1,NA,NA,NA,NA,1,NA,NA,NA,NA,NA,0,4,-3,1,2,6,NA,5,2,1,1,8,2,NA,1,NA
"44",NA,1,1,NA,1,NA,NA,1,1,45,1,1,NA,1,NA,NA,NA,2,3,0,2,7,3,6,5,5,NA,1,6,1,2,1,NA
"45",NA,NA,NA,NA,1,1,NA,1,NA,39,1,NA,NA,NA,NA,NA,NA,1,4,-4,NA,5,7,2,5,5,1,1,3,2,2,1,1
"46",NA,1,NA,NA,1,1,NA,NA,1,58,2,NA,NA,NA,NA,NA,NA,8,1,-2,1,3,4,7,7,1,1,1,6,1,1,2,1
"47",NA,1,NA,NA,NA,1,1,1,NA,21,NA,1,NA,1,NA,NA,NA,1,1,-4,1,3,NA,4,NA,3,1,1,5,1,NA,2,1
"48",NA,NA,NA,1,NA,NA,NA,1,NA,42,1,1,NA,NA,NA,1,NA,8,NA,-4,1,6,4,2,4,4,NA,1,5,1,2,NA,NA
"49",NA,NA,NA,1,NA,1,NA,1,1,55,1,NA,NA,1,NA,NA,NA,7,1,0,1,2,5,4,6,2,1,1,6,1,2,1,1
"50",NA,NA,1,NA,NA,NA,1,NA,NA,30,2,1,NA,NA,NA,1,NA,1,5,-4,1,NA,5,1,4,2,1,1,6,1,2,1,1
"51",1,1,NA,1,1,1,1,NA,NA,NA,2,NA,NA,NA,NA,1,NA,8,3,-4,1,4,3,6,5,4,1,1,3,1,2,1,1
"52",NA,1,1,NA,1,1,1,1,1,39,2,1,NA,NA,NA,1,NA,NA,1,2,1,2,5,5,5,4,1,1,3,1,NA,NA,1
"53",1,NA,NA,1,NA,1,1,1,1,66,2,1,NA,NA,NA,NA,NA,4,1,-2,1,3,NA,6,5,5,1,1,NA,1,2,2,NA
"54",1,1,NA,1,1,NA,1,NA,1,36,1,1,NA,NA,NA,1,NA,1,4,-4,1,1,4,6,4,5,1,1,9,1,2,NA,NA
"55",1,NA,1,NA,1,NA,NA,1,NA,NA,2,NA,NA,NA,NA,NA,NA,1,1,1,1,6,5,NA,4,3,1,1,3,1,2,1,1
"56",NA,NA,1,NA,NA,NA,1,NA,NA,52,2,NA,NA,NA,NA,NA,NA,1,1,NA,1,1,5,5,4,NA,1,1,4,1,1,1,1
"57",1,NA,1,NA,1,NA,NA,1,NA,25,NA,1,NA,NA,NA,NA,NA,1,1,-4,1,1,NA,2,3,2,1,1,8,1,1,1,1
"58",NA,1,NA,NA,NA,1,1,1,1,29,2,1,NA,NA,NA,NA,NA,1,1,4,1,3,7,NA,4,4,1,1,NA,1,2,1,NA
"59",NA,NA,1,NA,NA,NA,NA,1,1,53,2,1,NA,NA,NA,1,NA,7,NA,-4,1,3,5,2,5,3,1,1,5,1,2,1,1
"60",1,NA,NA,1,1,NA,1,1,NA,NA,2,1,1,NA,NA,NA,NA,8,4,-4,1,6,4,3,6,1,1,1,6,NA,2,1,1
"61",NA,NA,NA,1,NA,NA,1,NA,1,56,1,NA,NA,NA,NA,NA,NA,1,1,-2,1,4,5,3,6,2,1,1,5,NA,2,NA,NA
"62",1,NA,1,NA,NA,NA,1,NA,1,44,2,1,NA,1,NA,NA,NA,1,1,2,2,1,5,NA,5,3,1,1,6,2,2,1,1
"63",1,1,NA,1,NA,NA,1,NA,NA,58,2,1,NA,NA,NA,NA,NA,0,1,1,2,6,5,NA,5,2,1,1,4,1,2,1,1
"64",1,NA,1,1,1,1,NA,NA,1,25,2,1,NA,NA,NA,NA,NA,0,2,4,1,NA,1,5,6,2,1,1,6,NA,1,NA,1
"65",1,NA,1,NA,NA,1,NA,1,NA,43,2,NA,NA,1,NA,NA,NA,8,3,NA,NA,4,5,4,6,2,1,1,8,1,1,1,1
"66",1,1,1,NA,NA,NA,NA,NA,NA,26,1,1,1,NA,NA,NA,NA,7,1,-4,1,5,5,5,4,5,1,1,NA,NA,2,1,1
"67",1,NA,1,1,NA,NA,1,NA,1,28,1,1,1,NA,NA,NA,NA,7,4,NA,1,1,6,4,5,4,1,1,5,1,2,1,1
"68",1,NA,NA,1,NA,NA,1,1,1,38,NA,1,NA,NA,NA,NA,NA,1,2,-4,1,1,7,5,2,2,1,1,6,1,2,1,1
"69",1,1,NA,NA,NA,1,1,NA,1,36,2,NA,NA,1,NA,NA,NA,0,5,1,1,1,4,4,5,5,1,1,7,NA,2,1,1
"70",NA,1,1,1,1,NA,NA,1,1,30,2,NA,NA,NA,NA,NA,NA,0,NA,2,1,1,4,4,5,NA,1,1,4,1,2,1,NA
"71",NA,NA,1,1,1,1,1,1,NA,27,2,NA,NA,NA,1,NA,NA,0,4,-4,2,1,4,3,5,NA,1,1,3,1,2,NA,NA
"72",1,NA,NA,NA,1,1,NA,1,1,38,1,1,NA,1,NA,NA,NA,0,5,-4,2,1,5,6,6,3,1,1,6,1,2,1,1
"73",NA,1,1,NA,NA,1,1,NA,NA,36,2,1,NA,1,NA,NA,NA,1,2,-2,2,3,7,6,5,3,1,1,3,2,2,1,1
"74",1,1,1,NA,NA,NA,1,NA,NA,63,NA,1,NA,NA,NA,NA,NA,NA,4,-2,1,3,5,2,5,4,1,1,NA,NA,1,NA,1
"75",1,1,1,NA,NA,NA,1,NA,1,27,2,1,NA,NA,NA,NA,NA,NA,2,-4,1,6,5,1,5,1,1,1,6,1,1,NA,1
"76",1,NA,1,1,NA,NA,NA,NA,1,19,1,1,NA,1,NA,NA,NA,1,4,-4,1,1,5,7,2,5,1,1,4,1,2,1,NA
"77",1,NA,NA,1,NA,1,1,NA,1,40,2,1,NA,NA,NA,NA,NA,0,1,-2,1,1,4,4,4,2,1,1,3,2,2,NA,1
"78",NA,NA,1,1,NA,NA,1,1,NA,30,1,1,NA,NA,NA,NA,1,7,1,4,1,2,5,2,4,3,NA,1,9,2,2,1,NA
"79",1,NA,NA,1,NA,1,1,NA,NA,28,2,1,NA,NA,NA,NA,NA,1,1,NA,1,3,5,4,5,4,1,1,9,1,1,1,1
"80",1,NA,NA,NA,1,1,1,NA,NA,46,2,1,NA,NA,NA,NA,NA,8,2,-1,1,1,5,NA,4,3,1,1,8,1,1,1,NA
"81",NA,1,1,NA,NA,1,NA,NA,1,33,NA,1,NA,NA,NA,NA,NA,5,2,-4,2,NA,4,2,4,5,1,1,8,1,2,1,1
"82",NA,NA,NA,1,NA,NA,NA,1,1,36,1,NA,NA,NA,NA,NA,NA,7,NA,-4,1,2,4,6,2,2,1,1,3,1,2,1,1
"83",1,NA,1,NA,NA,1,1,NA,1,26,1,1,NA,NA,NA,NA,NA,NA,3,0,1,5,1,6,4,2,1,1,6,1,2,1,NA
"84",NA,1,NA,1,NA,1,1,1,1,33,NA,NA,NA,1,NA,NA,NA,1,2,4,NA,5,4,NA,5,3,1,1,6,1,2,1,NA
"85",NA,NA,NA,1,NA,1,1,NA,1,NA,1,1,NA,NA,NA,NA,NA,NA,2,1,1,2,5,NA,NA,1,1,1,6,1,NA,1,NA
"86",NA,NA,NA,1,1,NA,NA,1,1,35,2,NA,NA,NA,NA,NA,NA,0,4,-4,1,1,4,6,5,2,1,NA,NA,1,2,NA,1
"87",NA,NA,1,1,1,1,NA,1,1,32,NA,1,1,NA,NA,NA,NA,NA,NA,-3,2,1,7,3,4,1,1,1,10,1,2,1,NA
"88",NA,NA,NA,1,NA,NA,1,1,1,29,2,1,NA,1,NA,NA,NA,0,1,1,1,3,6,1,5,4,1,1,4,1,1,1,NA
"89",NA,1,1,NA,1,1,1,NA,NA,38,NA,1,NA,1,NA,NA,NA,3,2,4,1,2,5,1,4,3,1,NA,3,1,2,1,1
"90",NA,1,1,1,NA,1,NA,NA,NA,28,2,1,NA,NA,NA,NA,NA,1,1,1,1,5,6,1,4,3,1,1,10,NA,2,1,1
"91",1,NA,1,NA,NA,1,NA,NA,NA,66,2,1,NA,NA,NA,NA,NA,0,1,-4,1,1,7,7,2,5,NA,1,9,1,2,2,NA
"92",1,NA,1,1,1,1,1,NA,NA,37,2,1,NA,NA,NA,NA,NA,1,4,4,1,2,4,1,4,2,1,1,7,1,2,1,NA
"93",NA,1,1,1,NA,1,NA,NA,NA,24,2,1,NA,NA,NA,NA,NA,1,1,NA,2,7,4,5,6,2,1,1,10,2,2,1,NA
"94",1,1,NA,1,NA,NA,NA,1,NA,44,2,NA,NA,NA,NA,NA,NA,8,4,-1,1,3,5,4,6,2,1,1,6,1,1,1,1
"95",1,1,NA,NA,NA,1,NA,1,NA,41,2,NA,1,NA,NA,NA,NA,1,1,-3,1,3,7,6,4,4,1,1,10,1,NA,1,1
"96",NA,NA,NA,NA,1,1,1,1,NA,44,2,1,NA,1,NA,1,NA,1,1,-3,1,3,4,6,4,3,1,1,10,NA,2,2,1
"97",1,NA,NA,1,NA,1,NA,NA,NA,33,2,NA,NA,NA,NA,NA,NA,1,4,-4,1,4,5,1,4,NA,NA,NA,9,1,2,NA,1
"98",1,NA,1,NA,NA,1,NA,NA,1,56,NA,1,NA,NA,NA,1,NA,0,1,-4,1,2,7,1,4,3,1,1,7,1,2,1,1
"99",NA,NA,1,1,NA,1,NA,1,NA,62,2,NA,1,NA,NA,NA,NA,7,1,-2,1,3,NA,2,7,2,1,1,8,2,2,1,1
"100",NA,NA,NA,1,NA,NA,1,1,NA,NA,1,1,NA,NA,NA,NA,NA,0,NA,-3,2,2,4,3,4,1,1,NA,4,1,2,2,1
"101",NA,NA,NA,1,NA,NA,1,NA,1,65,1,NA,NA,NA,NA,NA,NA,1,1,4,1,2,4,5,2,2,1,1,7,2,2,1,NA
"102",NA,NA,1,NA,NA,NA,NA,NA,1,40,1,NA,NA,NA,NA,NA,NA,8,1,-4,1,5,7,1,5,3,1,1,3,1,2,2,1
"103",1,1,NA,1,NA,NA,1,NA,NA,37,NA,1,NA,NA,NA,1,NA,0,1,2,1,NA,5,5,6,3,NA,1,6,1,2,1,1
"104",NA,NA,1,NA,NA,NA,1,1,NA,26,2,NA,NA,NA,NA,NA,NA,8,5,0,1,1,4,5,4,1,1,1,9,2,1,1,1
"105",1,NA,1,NA,NA,NA,1,NA,NA,44,1,NA,NA,1,NA,1,NA,2,NA,NA,1,3,7,NA,4,3,NA,1,9,1,2,1,1
"106",NA,1,1,1,1,NA,1,NA,1,50,1,1,NA,NA,NA,NA,NA,7,1,2,1,1,4,7,5,3,NA,1,4,1,2,2,1
"107",1,NA,1,1,NA,1,1,1,1,28,1,1,NA,NA,NA,NA,NA,8,1,0,1,5,3,4,NA,4,1,NA,6,1,2,2,1
"108",NA,NA,NA,NA,NA,NA,NA,NA,1,39,2,1,NA,NA,1,NA,NA,NA,1,-4,2,NA,NA,4,4,1,1,1,6,1,2,NA,1
"109",1,NA,1,NA,NA,NA,NA,1,1,35,1,1,NA,NA,NA,NA,NA,NA,4,4,NA,6,4,1,5,NA,1,NA,7,2,2,2,NA
"110",1,NA,NA,NA,1,1,1,1,NA,34,2,1,NA,NA,NA,NA,NA,7,1,NA,1,3,7,2,7,3,1,1,7,1,2,2,1
"111",1,1,NA,1,NA,1,NA,NA,NA,28,2,NA,NA,NA,NA,1,NA,0,2,0,2,1,NA,1,5,5,1,1,6,2,2,1,NA
"112",NA,NA,1,1,NA,NA,1,NA,1,50,2,NA,NA,NA,NA,1,NA,1,4,-4,1,3,6,1,NA,2,1,1,6,1,2,1,NA
"113",NA,1,NA,1,NA,NA,1,NA,NA,32,1,1,NA,NA,NA,NA,NA,1,1,-4,NA,3,3,1,NA,NA,1,1,4,1,2,1,1
"114",1,1,1,NA,NA,1,NA,NA,NA,53,1,1,NA,NA,NA,NA,NA,7,1,2,1,NA,4,5,5,1,1,1,5,1,NA,1,1
"115",NA,1,NA,1,NA,NA,1,NA,1,38,1,NA,NA,NA,NA,NA,NA,NA,1,-2,1,4,4,1,3,5,NA,NA,3,1,2,1,NA
"116",NA,1,1,1,1,1,NA,1,NA,28,1,NA,NA,NA,NA,NA,NA,1,1,0,1,4,3,2,5,2,1,NA,9,1,2,1,1
"117",1,1,NA,NA,NA,NA,NA,NA,NA,54,2,1,NA,NA,NA,NA,NA,1,2,NA,1,1,4,2,7,5,1,1,8,1,2,1,1
"118",1,NA,NA,1,1,NA,1,NA,1,29,2,1,NA,NA,NA,NA,NA,8,1,2,1,3,5,2,5,2,1,1,9,2,2,1,1
"119",1,NA,1,1,NA,NA,1,1,NA,38,1,1,1,NA,NA,NA,NA,7,NA,2,1,2,6,NA,4,3,1,1,NA,1,2,1,NA
"120",1,NA,NA,1,1,1,1,1,1,31,2,1,NA,NA,NA,NA,NA,NA,1,0,2,2,3,3,5,1,NA,1,10,1,2,1,1
"121",NA,1,NA,NA,NA,1,NA,NA,1,23,2,1,NA,NA,1,NA,NA,1,1,4,1,5,6,4,NA,5,1,1,4,1,2,1,1
"122",NA,1,1,NA,1,NA,NA,NA,NA,35,2,NA,NA,NA,NA,NA,NA,NA,1,-2,NA,6,4,2,6,2,1,1,NA,2,2,2,NA
"123",NA,1,1,NA,NA,1,NA,NA,1,28,1,1,NA,NA,NA,NA,NA,NA,1,NA,2,3,4,5,4,NA,1,NA,5,1,2,1,1
"124",1,NA,1,1,1,NA,1,NA,1,26,1,1,NA,NA,NA,1,NA,8,3,0,1,4,7,3,3,3,1,1,6,1,2,1,1
"125",NA,NA,NA,NA,NA,1,1,NA,NA,39,1,1,NA,NA,NA,NA,NA,8,2,3,1,3,5,4,4,1,NA,1,11,1,2,2,NA
"126",1,1,NA,1,NA,1,1,NA,1,56,1,1,NA,1,NA,NA,NA,0,5,0,2,3,1,NA,NA,2,1,1,6,1,2,1,1
"127",NA,NA,NA,1,1,1,1,NA,1,29,2,1,NA,NA,NA,NA,NA,0,1,-4,1,4,4,2,5,5,1,1,7,1,NA,1,1
"128",NA,1,1,1,NA,NA,NA,NA,1,36,2,NA,NA,NA,NA,NA,NA,10,NA,-4,NA,6,3,2,5,1,NA,1,5,1,2,1,1
"129",NA,1,1,NA,1,1,1,1,1,29,2,NA,NA,NA,NA,NA,NA,1,3,0,1,1,6,2,4,2,1,1,9,2,2,2,1
"130",NA,NA,1,NA,NA,1,NA,NA,1,37,1,1,NA,NA,NA,NA,NA,1,3,NA,1,4,5,4,5,3,1,NA,6,2,2,1,1
"131",NA,1,1,NA,NA,NA,NA,NA,NA,53,1,1,NA,NA,NA,NA,NA,1,3,2,1,6,3,5,6,NA,1,1,11,1,NA,1,1
"132",1,NA,1,NA,NA,NA,NA,NA,1,40,2,NA,NA,NA,NA,NA,NA,NA,1,-4,1,2,4,5,5,4,1,1,6,1,2,1,1
"133",NA,1,1,1,NA,1,1,NA,NA,36,1,NA,NA,NA,NA,NA,NA,7,4,0,1,3,4,4,6,NA,1,1,3,1,2,1,1
"134",NA,NA,1,NA,NA,1,1,NA,1,44,1,1,NA,1,NA,NA,NA,0,1,-4,2,1,2,4,4,2,1,1,8,NA,2,NA,1
"135",1,NA,1,1,1,NA,NA,1,1,22,1,1,NA,NA,NA,NA,NA,0,1,0,1,2,5,NA,4,3,1,1,4,NA,2,1,1
"136",NA,NA,1,NA,1,1,1,1,NA,29,2,NA,NA,NA,NA,NA,NA,0,4,-4,2,1,4,1,5,4,1,1,7,NA,2,1,1
"137",NA,1,1,NA,NA,NA,1,1,NA,36,2,NA,NA,NA,NA,NA,NA,7,1,-3,1,1,4,2,6,2,1,1,4,NA,2,2,1
"138",NA,NA,NA,1,NA,1,NA,1,1,29,1,1,NA,NA,NA,NA,NA,1,1,-4,1,2,6,2,6,3,1,1,6,1,2,2,1
"139",1,NA,1,1,1,NA,NA,1,NA,33,2,1,NA,NA,NA,NA,NA,NA,4,2,2,1,6,3,4,3,1,1,4,1,2,1,1
"140",NA,NA,NA,NA,1,1,1,NA,NA,30,2,1,NA,NA,NA,NA,NA,1,NA,0,1,2,3,6,5,1,1,1,4,1,2,1,1
"141",1,NA,1,NA,NA,NA,1,1,1,28,NA,1,NA,NA,NA,NA,NA,7,2,-2,2,2,6,NA,5,4,1,1,4,1,2,1,1
"142",NA,NA,NA,NA,NA,1,1,NA,1,61,1,NA,NA,NA,NA,NA,NA,7,2,NA,1,5,NA,5,5,NA,1,1,6,1,2,2,1
"143",1,1,NA,1,NA,NA,1,NA,1,27,1,1,NA,1,NA,NA,NA,8,3,0,NA,1,5,4,3,4,1,1,NA,1,2,1,NA
"144",NA,NA,NA,1,NA,NA,1,NA,NA,37,1,1,NA,NA,NA,NA,NA,1,1,-2,NA,1,4,NA,3,4,1,1,4,2,2,NA,1
"145",1,1,NA,1,1,1,NA,1,1,20,2,1,NA,NA,NA,NA,NA,8,4,-4,1,2,4,2,5,NA,1,1,6,1,2,1,NA
"146",NA,NA,NA,NA,1,1,NA,1,NA,24,2,NA,NA,1,NA,NA,NA,1,1,-2,1,2,4,1,4,3,1,1,NA,1,2,2,1
"147",1,NA,1,1,1,1,1,1,1,47,1,NA,NA,NA,NA,NA,NA,1,1,0,2,3,5,4,5,4,1,1,6,1,2,1,1
"148",1,1,NA,1,NA,NA,NA,1,NA,34,1,NA,NA,1,NA,NA,NA,1,1,-2,1,2,6,2,5,2,1,1,11,1,2,1,1
"149",1,NA,1,NA,NA,1,1,1,1,28,1,NA,NA,NA,NA,NA,NA,NA,2,3,1,1,4,2,6,2,1,1,9,2,2,1,1
"150",NA,1,NA,1,NA,NA,1,1,1,30,NA,NA,NA,NA,NA,NA,NA,0,2,0,2,1,5,3,NA,2,1,1,NA,1,2,1,1
"151",NA,NA,1,NA,NA,1,1,NA,NA,38,2,NA,NA,NA,NA,NA,NA,0,4,2,1,5,4,4,5,3,1,1,7,1,2,1,1
"152",NA,1,NA,NA,NA,1,NA,NA,1,28,NA,1,NA,NA,NA,NA,NA,1,5,-4,1,6,5,5,2,2,1,NA,6,2,2,1,1
"153",1,1,NA,1,NA,NA,NA,1,NA,67,NA,1,NA,NA,NA,NA,NA,1,1,-2,2,1,6,5,4,5,1,1,4,1,2,1,1
"154",NA,NA,NA,1,NA,NA,1,1,NA,26,2,NA,NA,NA,NA,NA,NA,1,2,-4,2,NA,6,1,8,NA,1,1,9,1,2,2,NA
"155",NA,1,1,1,NA,NA,NA,1,1,21,NA,NA,NA,NA,NA,NA,NA,7,1,-1,1,1,5,NA,4,3,1,1,3,1,NA,NA,1
"156",1,1,1,NA,1,NA,1,NA,1,27,1,1,NA,1,NA,NA,NA,10,2,1,NA,3,4,3,4,4,1,1,8,2,2,NA,1
"157",NA,NA,NA,NA,1,1,1,NA,1,65,2,1,NA,NA,NA,NA,NA,8,1,1,1,1,NA,2,4,3,1,NA,4,1,2,1,1
"158",1,NA,1,1,NA,1,1,1,1,43,2,NA,NA,NA,NA,NA,NA,8,NA,-4,1,2,5,3,NA,NA,1,1,6,1,2,1,1
"159",1,1,NA,1,1,NA,NA,NA,NA,21,1,NA,NA,NA,NA,NA,NA,0,1,NA,1,3,5,1,5,5,1,1,6,2,1,2,NA
"160",NA,NA,1,NA,NA,1,NA,NA,NA,48,2,1,NA,NA,NA,NA,NA,0,2,-4,1,4,5,4,4,2,1,1,4,2,2,2,1
"161",1,NA,1,NA,1,NA,1,NA,NA,47,1,1,NA,NA,NA,NA,NA,7,1,-4,1,2,4,3,5,2,NA,1,8,1,2,1,NA
"162",NA,NA,NA,1,1,1,NA,NA,NA,NA,2,NA,NA,NA,NA,NA,NA,1,1,1,NA,5,1,2,5,3,1,1,6,1,2,NA,NA
"163",NA,NA,1,NA,NA,NA,NA,NA,1,23,1,1,NA,NA,NA,NA,NA,1,1,3,1,6,6,5,3,1,1,1,7,1,2,2,1
"164",1,NA,NA,NA,NA,1,1,NA,NA,30,1,1,NA,NA,NA,NA,NA,4,1,-1,1,NA,NA,5,6,2,1,NA,3,1,2,2,1
"165",1,NA,NA,NA,1,1,1,1,1,23,2,1,NA,NA,NA,NA,NA,7,2,-3,2,6,NA,1,6,2,1,1,NA,NA,2,1,1
"166",NA,NA,NA,1,NA,NA,1,1,NA,35,1,NA,NA,NA,NA,NA,NA,1,4,2,NA,1,6,5,NA,3,1,1,6,1,1,1,1
"167",1,NA,1,NA,NA,1,1,NA,NA,NA,2,1,NA,NA,NA,NA,NA,7,1,1,1,6,3,4,5,2,1,1,6,NA,2,1,1
"168",NA,NA,1,NA,NA,NA,NA,1,NA,30,2,1,1,NA,NA,NA,NA,8,2,4,1,1,6,3,6,NA,1,1,5,1,2,2,1
"169",NA,NA,NA,1,1,1,1,NA,1,21,2,NA,NA,NA,NA,NA,NA,8,4,-4,1,2,5,3,3,2,1,1,6,1,2,1,1
"170",NA,NA,NA,1,1,NA,NA,1,1,51,2,1,NA,NA,NA,NA,NA,1,1,2,1,1,5,5,5,3,1,NA,8,NA,NA,1,NA
"171",NA,1,1,NA,NA,1,1,NA,NA,25,2,1,NA,NA,NA,NA,NA,NA,1,4,2,1,4,4,4,2,1,1,6,1,NA,1,1
"172",NA,NA,1,NA,NA,NA,NA,NA,NA,55,2,NA,NA,NA,NA,NA,NA,NA,1,-4,1,2,4,5,4,4,1,1,8,1,NA,NA,1
"173",1,NA,1,NA,NA,NA,NA,1,NA,39,1,NA,NA,NA,NA,NA,NA,1,1,4,1,1,7,4,7,3,1,1,6,2,1,2,NA
"174",1,NA,1,NA,NA,1,1,NA,NA,36,1,NA,NA,1,NA,1,NA,1,2,4,NA,4,6,5,4,3,1,1,5,NA,1,NA,1
"175",NA,NA,NA,NA,NA,1,1,NA,NA,32,1,NA,NA,NA,NA,NA,NA,1,NA,4,1,1,7,4,6,2,1,1,9,1,2,1,NA
"176",1,NA,1,1,1,NA,1,1,1,27,1,1,NA,NA,NA,NA,NA,1,2,3,1,NA,5,5,5,5,1,1,6,1,NA,1,1
"177",NA,NA,NA,NA,NA,1,1,1,1,21,2,1,NA,NA,NA,NA,NA,1,4,1,1,1,5,4,5,2,1,1,10,1,1,1,1
"178",NA,NA,1,NA,NA,1,1,1,NA,21,2,1,NA,1,NA,NA,NA,1,3,3,1,1,4,1,4,5,1,1,8,1,2,1,NA
"179",NA,NA,NA,NA,1,1,NA,1,NA,35,1,NA,NA,1,NA,NA,NA,1,NA,1,1,1,6,1,5,2,1,1,NA,1,1,1,NA
"180",NA,NA,NA,NA,1,1,1,NA,1,28,1,1,NA,NA,NA,NA,NA,2,NA,1,1,5,6,5,7,3,1,1,8,1,1,NA,1
"181",NA,NA,NA,1,1,NA,NA,1,NA,21,2,1,NA,NA,NA,1,NA,NA,3,-4,1,NA,7,5,6,2,1,1,6,2,2,1,1
"182",1,NA,NA,1,NA,1,1,NA,NA,24,1,NA,NA,NA,NA,NA,NA,NA,4,4,1,5,7,2,4,2,NA,1,5,1,2,1,1
"183",1,NA,NA,1,NA,1,1,1,1,30,1,1,NA,NA,NA,NA,NA,0,NA,2,2,4,2,2,5,4,1,1,1,NA,NA,NA,NA
"184",1,1,1,NA,NA,NA,NA,NA,1,56,1,NA,NA,NA,NA,NA,NA,1,3,3,1,1,4,5,5,2,1,1,8,1,2,1,1
"185",1,1,NA,1,1,NA,NA,NA,1,NA,1,1,NA,NA,NA,NA,NA,0,4,-4,1,1,7,6,5,NA,1,1,5,2,1,NA,NA
"186",1,NA,1,1,1,NA,1,1,NA,24,2,NA,NA,NA,NA,NA,NA,8,1,NA,2,3,6,2,5,2,1,1,6,1,2,1,1
"187",1,1,NA,NA,1,1,1,NA,1,43,2,1,NA,NA,NA,NA,NA,NA,2,NA,1,3,5,6,5,2,1,1,8,1,2,2,NA
"188",1,NA,1,1,NA,NA,1,NA,NA,40,1,1,NA,NA,NA,NA,NA,NA,1,3,NA,4,6,7,5,NA,1,1,6,2,2,NA,1
"189",1,NA,1,1,NA,1,NA,NA,NA,26,1,1,NA,1,NA,NA,NA,0,2,2,2,4,NA,4,NA,4,1,1,3,1,1,1,1
"190",1,1,1,NA,1,1,NA,NA,NA,54,1,1,NA,NA,NA,NA,NA,4,1,2,NA,3,5,6,8,2,1,1,8,1,1,NA,1
"191",NA,NA,NA,1,1,1,NA,1,1,53,2,1,NA,NA,NA,NA,NA,NA,NA,-4,1,1,7,1,4,3,1,1,10,2,2,1,1
"192",NA,1,NA,NA,1,NA,NA,NA,1,31,2,1,NA,NA,NA,NA,NA,7,1,2,1,NA,5,4,4,3,1,1,7,2,2,1,1
"193",NA,NA,NA,1,NA,1,NA,1,1,31,1,1,NA,NA,NA,NA,NA,1,1,1,2,7,6,5,2,3,1,1,6,1,2,2,1
"194",1,1,NA,1,1,1,NA,NA,NA,24,2,1,NA,NA,NA,NA,NA,7,3,-4,2,3,7,1,3,2,1,1,3,1,2,1,1
"195",1,NA,1,NA,NA,1,1,1,1,24,1,1,NA,NA,NA,NA,NA,1,2,-4,1,1,5,6,5,2,1,1,7,2,2,1,1
"196",NA,NA,1,1,1,NA,NA,1,1,37,2,NA,NA,NA,NA,NA,NA,1,1,-4,1,4,7,4,5,2,1,1,9,2,2,1,1
"197",NA,1,NA,1,NA,NA,NA,NA,NA,35,1,NA,NA,1,NA,NA,NA,0,4,4,1,1,5,2,8,2,1,1,3,2,2,2,1
"198",1,NA,1,NA,1,1,1,NA,NA,32,2,1,NA,NA,NA,NA,NA,1,4,-4,1,2,7,6,5,2,1,1,8,NA,1,2,1
"199",NA,NA,NA,1,1,1,1,NA,1,37,2,1,NA,NA,NA,NA,NA,7,1,-4,1,4,4,3,NA,4,NA,1,7,1,2,1,1
"200",1,1,1,NA,1,NA,1,1,1,29,NA,1,NA,NA,NA,NA,NA,7,5,4,2,3,5,2,4,1,1,1,7,1,1,1,NA
"201",1,1,NA,1,NA,1,NA,NA,NA,34,1,NA,NA,1,NA,NA,NA,NA,3,1,1,NA,NA,1,5,2,NA,1,4,NA,2,1,NA
"202",1,NA,1,NA,1,NA,1,1,NA,24,2,1,NA,NA,NA,1,NA,1,1,1,1,3,NA,2,6,2,1,1,9,1,1,1,1
"203",NA,1,NA,1,NA,NA,1,1,1,32,2,1,NA,NA,NA,NA,NA,1,2,-4,2,1,4,6,4,2,1,1,5,1,2,1,1
"204",NA,1,1,1,NA,1,NA,1,1,NA,NA,NA,NA,NA,NA,NA,NA,1,1,-2,2,1,5,3,8,3,1,1,NA,1,2,1,1
"205",1,NA,NA,1,1,1,NA,NA,1,39,2,1,NA,NA,NA,NA,NA,1,1,-4,NA,3,6,NA,5,3,1,1,8,2,1,1,1
"206",1,NA,1,NA,NA,1,1,NA,1,28,1,1,NA,NA,NA,NA,NA,8,4,2,1,6,7,NA,5,4,NA,1,4,NA,1,2,1
"207",NA,NA,NA,1,1,NA,NA,1,1,40,2,1,NA,NA,NA,NA,NA,1,4,-4,1,5,3,4,6,2,1,1,6,1,2,NA,1
"208",NA,NA,NA,NA,NA,NA,1,NA,NA,35,1,1,NA,NA,NA,NA,NA,0,3,1,2,1,6,4,3,1,1,1,NA,NA,1,1,1
"209",NA,1,NA,NA,NA,1,NA,NA,NA,23,2,NA,NA,NA,NA,NA,NA,0,1,NA,2,3,5,NA,5,1,1,1,6,1,2,1,1
"210",1,NA,NA,NA,1,1,NA,NA,NA,44,1,1,NA,NA,NA,NA,NA,1,4,-4,2,1,6,7,NA,1,1,1,NA,1,NA,1,NA
"211",1,NA,NA,NA,NA,1,1,1,NA,36,NA,1,NA,NA,NA,NA,NA,1,1,2,1,3,2,7,4,3,1,1,6,1,2,1,1
"212",1,1,NA,1,1,1,1,1,NA,30,1,NA,NA,NA,NA,NA,NA,NA,4,-4,1,1,5,6,NA,3,1,1,4,NA,2,1,NA
"213",NA,NA,1,1,1,NA,1,1,1,32,NA,NA,NA,NA,NA,NA,NA,1,3,0,1,1,NA,4,6,NA,1,1,7,2,2,1,NA
"214",NA,NA,NA,NA,NA,1,1,NA,1,33,1,NA,NA,NA,NA,NA,NA,1,2,0,1,1,4,4,3,5,1,1,8,1,2,1,1
"215",NA,NA,1,1,1,NA,NA,1,NA,NA,1,1,NA,NA,NA,NA,NA,1,4,1,2,6,7,2,5,NA,1,1,9,1,2,NA,1
"216",NA,1,NA,NA,NA,1,NA,1,NA,51,2,NA,NA,NA,NA,NA,NA,1,1,0,1,1,5,1,3,2,1,1,6,NA,2,1,1
"217",NA,NA,NA,NA,1,1,NA,NA,1,55,1,1,NA,NA,NA,NA,NA,NA,1,2,1,6,3,2,NA,2,1,1,8,1,2,NA,1
"218",NA,NA,1,1,1,NA,1,1,1,57,2,NA,NA,NA,NA,NA,NA,0,1,-4,1,4,6,3,4,NA,1,1,7,1,2,1,1
"219",1,NA,NA,1,1,NA,NA,NA,NA,40,NA,NA,NA,NA,NA,NA,NA,1,1,4,1,1,7,1,5,1,1,1,NA,1,2,1,1
"220",1,1,1,NA,NA,NA,NA,1,NA,21,2,NA,NA,NA,NA,NA,NA,1,1,1,1,2,4,3,6,1,NA,1,5,1,2,1,1
"221",NA,1,1,NA,1,NA,1,NA,1,28,2,1,1,NA,NA,NA,NA,0,1,-4,2,1,5,2,5,2,1,NA,8,2,2,2,1
"222",NA,NA,1,NA,1,1,1,NA,NA,NA,2,NA,NA,NA,NA,NA,NA,7,1,-4,NA,3,7,1,5,2,1,1,5,NA,1,NA,1
"223",1,1,NA,1,NA,NA,1,NA,NA,27,2,NA,NA,NA,NA,NA,NA,1,2,-4,NA,NA,6,6,5,2,1,1,4,1,2,1,1
"224",NA,1,NA,1,NA,1,1,NA,NA,32,1,NA,NA,NA,NA,NA,NA,8,1,1,2,3,7,4,4,4,NA,1,5,1,1,1,NA
"225",1,1,NA,NA,NA,NA,1,1,1,NA,2,NA,NA,NA,NA,NA,NA,NA,1,NA,1,NA,4,4,2,5,1,1,7,1,2,1,1
"226",1,1,NA,NA,NA,NA,NA,NA,NA,30,2,1,NA,NA,NA,NA,NA,1,1,2,1,4,4,4,4,4,1,1,6,1,2,1,NA
"227",1,1,1,NA,NA,1,NA,1,1,NA,1,1,NA,NA,NA,NA,NA,1,1,1,1,5,6,3,4,1,1,1,5,2,2,1,1
"228",NA,NA,1,1,1,NA,1,NA,NA,26,2,1,NA,NA,NA,NA,NA,0,1,NA,1,1,5,7,3,3,1,1,9,2,2,1,1
"229",NA,1,1,1,1,NA,NA,NA,NA,62,1,1,NA,NA,NA,NA,NA,3,2,-3,1,3,NA,7,5,3,1,1,9,2,NA,NA,NA
"230",NA,NA,1,1,NA,1,1,NA,1,42,2,1,NA,NA,NA,NA,NA,1,4,1,1,NA,5,2,4,2,1,1,NA,1,2,1,NA
"231",1,1,NA,1,1,1,1,NA,NA,42,2,1,NA,NA,NA,NA,NA,1,5,-1,1,5,7,1,5,3,1,1,4,1,2,1,1
"232",NA,NA,1,NA,1,1,1,NA,1,42,1,1,NA,NA,NA,NA,NA,4,1,NA,2,5,5,3,5,5,1,1,5,1,2,1,NA
"233",1,1,1,1,NA,1,1,NA,1,42,NA,1,NA,1,NA,NA,NA,NA,NA,-4,2,4,5,3,4,3,1,1,8,2,2,1,1
"234",NA,NA,NA,1,NA,1,1,1,1,29,1,NA,NA,NA,NA,NA,1,1,5,-2,1,3,7,3,6,NA,1,1,NA,1,2,NA,NA
"235",NA,NA,1,NA,NA,NA,NA,NA,NA,30,2,NA,NA,NA,NA,NA,NA,1,1,1,1,3,6,7,4,5,1,1,NA,1,NA,1,1
"236",1,1,NA,1,NA,1,1,NA,NA,32,1,1,NA,NA,NA,NA,NA,1,2,0,1,NA,4,NA,5,4,1,1,7,2,2,1,1
"237",NA,NA,1,1,NA,1,NA,1,1,53,2,1,NA,NA,NA,1,NA,1,1,1,1,1,NA,4,4,5,1,1,3,1,2,2,1
"238",NA,NA,NA,1,1,NA,1,1,NA,23,1,1,NA,1,NA,NA,NA,1,3,2,2,5,4,3,5,2,1,1,7,1,2,1,1
"239",1,1,NA,1,1,1,1,1,NA,33,2,1,NA,NA,NA,NA,NA,1,1,1,1,3,5,2,5,4,1,1,4,1,2,2,1
"240",NA,NA,1,1,NA,1,NA,1,NA,28,2,1,NA,1,NA,NA,NA,10,1,4,2,NA,5,NA,2,NA,1,1,8,2,1,1,1
"241",NA,NA,1,NA,1,NA,NA,NA,1,22,1,1,NA,NA,NA,1,NA,8,2,3,1,3,1,NA,5,4,1,1,5,1,1,1,1
"242",1,1,NA,1,1,1,1,1,NA,30,2,NA,NA,1,NA,NA,NA,1,3,4,1,3,6,3,5,NA,1,1,3,1,NA,1,1
"243",1,NA,1,NA,1,1,1,1,1,65,2,1,NA,NA,NA,NA,NA,1,1,-4,1,1,NA,4,6,5,1,NA,6,1,1,NA,1
"244",NA,NA,1,1,1,1,1,NA,1,23,2,1,NA,1,NA,NA,NA,7,2,-4,1,2,5,5,5,3,1,1,6,1,2,1,1
"245",NA,NA,NA,1,NA,NA,NA,NA,NA,25,NA,1,NA,NA,1,NA,NA,1,1,4,1,3,4,2,5,2,1,1,6,1,1,1,1
"246",NA,1,NA,NA,1,1,NA,1,NA,31,1,1,NA,NA,NA,NA,NA,7,1,1,2,1,4,4,5,2,1,1,8,1,1,1,1
"247",NA,NA,1,1,NA,1,NA,NA,NA,38,NA,NA,NA,NA,NA,NA,NA,1,1,2,2,1,5,3,6,4,1,1,6,1,1,1,1
"248",NA,1,1,1,1,NA,NA,NA,1,NA,2,1,NA,NA,NA,1,NA,8,2,-3,NA,3,5,NA,2,1,1,1,4,1,2,1,1
"249",1,1,1,NA,1,1,1,NA,1,35,1,1,NA,NA,NA,NA,NA,4,4,2,1,1,4,2,5,1,1,1,4,1,2,1,1
"250",1,1,1,1,1,NA,1,1,NA,34,2,1,NA,NA,NA,NA,NA,10,4,3,2,5,4,4,5,1,1,1,8,1,2,1,NA
"251",NA,NA,NA,1,1,1,NA,1,1,55,1,1,NA,NA,NA,NA,NA,8,4,2,1,1,4,NA,6,5,1,1,7,1,2,2,1
"252",1,NA,NA,1,1,NA,NA,1,NA,35,2,1,NA,1,NA,NA,NA,0,1,NA,1,3,7,NA,2,2,1,1,6,1,1,1,1
"253",NA,1,1,NA,1,NA,1,1,1,70,1,NA,NA,NA,NA,1,NA,NA,NA,0,1,4,NA,2,5,4,NA,1,5,1,2,1,1
"254",NA,NA,1,NA,NA,1,NA,NA,1,26,2,1,NA,NA,NA,NA,NA,7,NA,-4,1,1,6,7,5,3,NA,1,NA,2,2,NA,1
"255",NA,NA,1,NA,1,1,NA,1,1,21,2,1,NA,NA,NA,NA,NA,1,1,-4,1,7,3,4,5,4,1,1,9,1,2,1,1
"256",NA,NA,1,NA,NA,1,NA,1,1,21,2,1,NA,NA,NA,NA,NA,1,2,4,1,6,6,1,5,2,1,1,8,1,NA,1,1
"257",1,NA,NA,NA,NA,1,1,NA,1,28,NA,NA,NA,NA,NA,NA,NA,7,1,2,1,4,1,NA,NA,2,1,1,11,1,NA,1,1
"258",NA,NA,1,NA,NA,1,1,NA,1,34,2,NA,NA,NA,NA,NA,NA,8,1,-3,1,2,4,4,5,4,NA,NA,NA,1,2,1,1
"259",NA,NA,1,NA,1,1,1,1,1,21,2,1,NA,NA,1,1,NA,1,1,3,1,2,4,4,4,1,1,1,4,NA,2,NA,1
"260",1,NA,1,NA,NA,NA,1,1,1,29,1,NA,NA,NA,NA,NA,NA,1,1,0,2,5,7,NA,5,4,1,NA,7,1,2,1,1
"261",1,1,NA,1,NA,1,NA,NA,1,35,NA,NA,NA,NA,NA,NA,NA,NA,1,2,NA,3,6,7,5,3,1,1,6,1,2,2,NA
"262",1,NA,1,1,NA,NA,NA,NA,NA,23,2,1,NA,NA,NA,NA,NA,1,2,4,1,5,5,4,5,NA,1,1,8,1,1,1,1
"263",1,1,1,1,1,1,NA,NA,1,27,2,1,NA,NA,NA,NA,NA,8,1,NA,1,6,NA,5,NA,1,1,1,4,2,1,1,1
"264",1,NA,1,NA,1,NA,1,NA,1,NA,1,1,NA,NA,NA,1,NA,NA,1,-4,1,1,1,2,5,2,1,1,5,2,2,1,1
"265",NA,NA,1,NA,1,1,1,1,1,NA,2,NA,NA,NA,NA,NA,NA,2,NA,NA,1,2,3,2,5,1,1,1,7,1,2,1,1
"266",NA,1,1,1,NA,1,1,1,NA,19,2,1,NA,NA,NA,NA,NA,1,1,NA,1,1,4,4,6,NA,1,NA,4,1,2,2,1
"267",NA,NA,1,NA,1,1,1,NA,NA,NA,1,1,NA,NA,NA,NA,NA,1,1,-2,NA,7,5,3,6,5,1,NA,6,1,2,1,1
"268",NA,NA,1,1,NA,NA,NA,1,1,27,2,1,NA,NA,NA,NA,NA,1,4,-4,1,4,7,5,4,5,1,1,7,1,2,2,1
"269",NA,1,1,1,NA,NA,1,1,1,30,2,1,NA,NA,NA,NA,NA,1,1,0,1,2,5,4,5,2,1,1,7,1,2,1,1
"270",1,NA,1,NA,NA,NA,1,1,1,37,2,1,NA,NA,NA,NA,NA,10,1,3,1,1,5,5,5,3,1,1,9,1,2,1,1
"271",1,1,NA,NA,NA,1,NA,NA,1,21,2,1,NA,NA,NA,NA,NA,10,1,NA,NA,3,5,3,6,3,1,1,9,NA,2,2,NA
"272",NA,1,NA,1,1,1,1,1,1,56,1,NA,NA,NA,NA,NA,NA,8,1,NA,1,3,7,NA,NA,5,1,1,4,1,NA,1,1
"273",1,1,1,1,NA,NA,1,1,1,35,2,1,NA,NA,NA,1,NA,1,NA,4,1,1,7,3,NA,3,1,1,NA,NA,2,1,1
"274",NA,NA,1,1,NA,1,NA,NA,1,30,2,1,NA,NA,NA,NA,NA,3,1,0,NA,2,3,4,NA,2,1,1,7,1,2,1,1
"275",NA,NA,NA,NA,NA,1,1,NA,1,32,2,1,NA,NA,NA,NA,NA,7,2,4,1,5,NA,3,6,3,1,1,6,1,2,1,1
"276",NA,NA,1,NA,NA,NA,1,NA,NA,58,2,NA,NA,NA,NA,NA,NA,NA,3,3,2,5,4,2,4,3,1,1,3,1,2,1,1
"277",1,NA,1,NA,1,NA,1,NA,1,28,2,NA,NA,NA,NA,NA,NA,8,1,-3,1,1,6,2,5,3,1,1,6,1,1,NA,1
"278",1,1,NA,NA,1,NA,1,NA,NA,46,1,1,NA,NA,NA,NA,NA,1,3,NA,1,2,5,5,5,3,1,1,7,1,2,1,1
"279",NA,1,1,1,NA,1,NA,NA,NA,41,1,NA,NA,NA,NA,NA,NA,10,5,1,1,3,7,6,5,2,1,1,3,2,2,2,1
"280",1,NA,1,NA,NA,NA,1,NA,1,48,NA,NA,NA,NA,NA,NA,NA,1,1,2,1,1,7,4,5,2,1,1,8,1,2,1,NA
"281",NA,1,1,1,1,1,NA,1,NA,34,1,1,1,NA,NA,NA,NA,1,NA,4,2,3,4,3,2,3,1,1,6,1,NA,1,1
"282",NA,NA,NA,1,NA,NA,NA,1,1,42,1,1,NA,NA,NA,NA,NA,1,1,-2,1,1,5,NA,NA,3,1,NA,6,1,2,1,1
"283",NA,NA,NA,1,NA,1,1,NA,1,29,NA,1,NA,NA,NA,NA,NA,NA,4,-2,1,1,5,5,5,NA,1,1,6,1,1,2,NA
"284",1,NA,1,NA,NA,1,NA,NA,1,42,1,1,NA,NA,NA,NA,NA,1,1,-4,1,3,7,2,7,3,1,1,4,1,2,1,NA
"285",NA,NA,NA,NA,NA,NA,1,NA,1,68,2,1,NA,NA,NA,NA,NA,1,1,2,1,2,5,5,5,4,1,1,4,NA,2,1,NA
"286",NA,NA,NA,NA,NA,1,1,NA,1,35,2,1,NA,NA,NA,NA,NA,10,2,NA,1,NA,4,3,5,3,1,1,NA,1,2,1,1
"287",NA,1,1,NA,NA,NA,1,NA,1,52,2,1,NA,NA,NA,NA,NA,1,2,-4,2,4,7,5,5,3,1,1,6,2,2,NA,1
"288",NA,1,NA,NA,NA,1,NA,NA,1,34,1,1,NA,NA,NA,NA,NA,0,1,-4,1,NA,NA,4,2,2,1,1,3,1,2,1,1
"289",1,NA,NA,NA,1,1,1,NA,NA,35,1,NA,NA,NA,NA,NA,NA,1,2,-4,1,3,5,2,8,2,1,1,9,1,1,1,1
"290",NA,1,1,NA,1,1,1,NA,NA,63,1,1,NA,NA,NA,NA,NA,8,1,4,1,2,7,6,5,NA,NA,1,3,1,2,1,NA
"291",1,NA,NA,1,NA,1,1,1,1,39,2,1,NA,NA,NA,NA,1,8,4,-4,2,1,6,NA,NA,3,1,1,9,1,2,1,1
"292",1,NA,1,1,1,NA,1,1,1,23,NA,1,NA,NA,NA,NA,NA,NA,1,4,1,1,NA,5,5,5,1,1,8,2,2,1,1
"293",1,NA,NA,1,1,NA,NA,1,1,20,2,1,NA,NA,NA,NA,NA,7,3,NA,1,4,NA,2,5,3,1,1,4,2,2,1,1
"294",NA,NA,NA,NA,NA,NA,1,1,1,62,1,1,NA,NA,NA,NA,NA,2,3,NA,1,4,5,7,4,4,1,1,6,1,NA,1,1
"295",NA,NA,NA,NA,NA,NA,1,NA,NA,42,1,1,NA,NA,NA,NA,NA,7,3,3,2,5,7,NA,2,2,1,1,7,1,2,2,1
"296",NA,NA,NA,NA,NA,NA,NA,NA,1,28,2,1,NA,NA,NA,NA,NA,7,NA,1,2,3,NA,NA,2,5,1,1,5,1,2,1,NA
"297",1,1,NA,NA,NA,1,1,NA,1,38,2,1,NA,NA,NA,NA,NA,10,1,2,1,1,NA,3,2,2,NA,1,6,1,1,1,1
"298",NA,1,1,1,1,NA,NA,NA,NA,NA,1,NA,NA,NA,NA,NA,NA,0,1,-4,1,3,6,1,5,1,1,1,NA,1,2,1,1
"299",NA,NA,1,1,NA,1,1,NA,NA,32,1,1,NA,NA,NA,NA,NA,1,NA,2,1,4,5,NA,2,1,1,1,3,1,2,1,1
"300",1,NA,1,1,NA,1,NA,1,NA,67,2,1,NA,NA,NA,NA,NA,1,NA,NA,1,NA,6,4,4,4,1,1,4,1,1,1,1
"301",NA,NA,1,NA,NA,1,1,1,1,51,2,1,NA,NA,NA,NA,NA,NA,1,-4,1,4,3,3,5,5,1,1,6,1,2,1,1
"302",1,NA,NA,NA,1,NA,NA,1,NA,27,2,1,NA,NA,NA,NA,NA,1,3,2,1,1,5,1,NA,4,1,NA,5,2,NA,1,1
"303",NA,NA,1,1,NA,1,1,1,NA,38,2,1,NA,NA,NA,NA,NA,1,1,-4,1,3,7,1,2,5,1,1,6,2,2,1,1
"304",1,1,1,NA,NA,1,NA,1,1,63,2,1,NA,NA,NA,NA,NA,1,NA,NA,1,4,5,3,NA,NA,1,1,7,1,2,NA,1
"305",NA,NA,NA,NA,1,NA,1,1,NA,55,2,NA,1,NA,NA,NA,NA,10,1,-4,1,3,5,2,5,2,1,1,5,NA,2,1,1
"306",1,NA,1,1,1,NA,1,1,1,65,1,1,NA,NA,NA,NA,NA,0,1,4,1,1,5,6,6,2,1,NA,7,2,2,NA,1
"307",1,1,NA,NA,1,NA,1,1,1,35,1,1,NA,NA,NA,NA,NA,8,1,-4,1,3,4,4,5,NA,1,1,NA,1,1,1,1
"308",NA,NA,NA,1,NA,1,1,NA,NA,24,2,1,NA,NA,NA,NA,NA,1,4,4,1,1,5,NA,8,3,1,1,3,2,2,1,1
"309",1,NA,1,NA,NA,1,NA,NA,NA,37,1,1,NA,NA,NA,NA,NA,0,NA,-4,1,5,6,1,5,3,1,1,3,1,2,NA,1
"310",NA,NA,1,NA,1,NA,1,1,1,46,1,NA,NA,NA,NA,NA,NA,7,1,-1,2,1,5,3,5,1,1,1,9,NA,2,NA,NA
"311",NA,1,NA,NA,1,NA,NA,1,1,24,1,1,1,NA,NA,NA,NA,8,1,-4,2,NA,5,NA,5,3,1,1,9,1,NA,1,1
"312",NA,1,1,NA,1,1,NA,NA,NA,61,2,1,NA,NA,NA,NA,NA,NA,1,2,2,2,NA,4,NA,1,1,1,8,1,2,1,1
"313",NA,1,NA,1,NA,NA,1,1,1,NA,1,NA,NA,1,NA,NA,NA,8,1,-4,2,4,6,4,5,NA,1,1,3,1,1,1,NA
"314",1,NA,NA,1,NA,NA,1,NA,1,24,2,1,NA,NA,NA,NA,NA,0,1,0,1,4,NA,3,5,NA,1,1,8,1,2,1,1
"315",NA,NA,NA,1,NA,1,NA,1,NA,NA,2,1,NA,NA,NA,NA,NA,1,3,-4,1,5,5,3,2,5,1,1,6,1,2,1,1
"316",NA,1,NA,1,1,NA,1,1,NA,30,2,NA,NA,NA,NA,NA,NA,1,2,4,NA,3,NA,2,8,NA,1,1,3,1,2,2,1
"317",NA,1,1,1,1,NA,NA,NA,NA,NA,2,1,NA,NA,NA,NA,NA,1,1,0,1,1,5,3,5,3,1,1,10,1,1,1,1
"318",NA,NA,1,1,NA,NA,1,1,1,39,2,1,NA,NA,NA,NA,NA,NA,3,0,1,3,6,5,5,1,1,1,6,1,2,2,1
"319",1,NA,1,1,1,1,1,1,1,21,1,1,NA,1,NA,NA,NA,0,1,NA,1,3,4,4,6,4,1,1,7,2,NA,1,1
"320",NA,NA,1,1,NA,1,NA,NA,1,NA,2,1,NA,NA,NA,NA,NA,4,1,-4,1,1,4,NA,5,2,1,1,9,1,2,1,1
"321",NA,1,NA,NA,1,NA,1,NA,NA,24,NA,NA,NA,NA,NA,NA,1,1,2,4,2,1,5,NA,3,2,1,1,6,2,1,1,1
"322",1,NA,NA,1,NA,1,NA,NA,1,26,1,1,NA,NA,NA,NA,NA,1,4,4,2,3,5,2,5,3,1,1,5,1,2,1,NA
"323",NA,1,1,NA,1,NA,1,NA,1,68,1,1,NA,1,1,NA,NA,1,1,NA,NA,1,4,3,4,3,1,1,2,1,1,1,1
"324",NA,1,1,1,NA,NA,1,1,NA,51,1,1,NA,NA,NA,NA,NA,4,1,2,1,3,5,2,4,3,1,1,9,1,2,1,1
"325",1,1,1,NA,1,1,NA,1,NA,NA,2,1,NA,NA,NA,NA,NA,1,2,4,NA,7,5,1,2,5,1,1,5,1,2,1,1
"326",1,NA,NA,NA,NA,NA,NA,NA,1,67,2,1,NA,NA,NA,NA,NA,7,NA,1,1,1,NA,NA,6,2,1,1,3,1,2,2,NA
"327",1,NA,1,NA,NA,NA,NA,1,NA,36,1,1,NA,NA,NA,NA,NA,7,2,NA,NA,3,7,1,5,NA,1,1,NA,1,2,1,1
"328",NA,NA,NA,NA,NA,NA,1,1,1,55,2,NA,1,1,NA,1,NA,NA,1,-4,1,2,6,2,5,2,1,1,4,2,2,1,1
"329",NA,NA,1,1,1,1,1,1,1,28,2,1,1,NA,NA,NA,1,1,2,-4,2,5,4,2,5,2,1,1,8,1,1,1,1
"330",1,NA,1,1,NA,1,1,1,NA,24,2,NA,NA,NA,NA,NA,NA,1,3,2,NA,2,1,6,5,5,1,1,6,2,1,1,NA
"331",NA,NA,1,1,NA,NA,NA,NA,NA,NA,1,1,NA,NA,NA,NA,NA,1,2,-4,2,3,5,3,NA,4,1,1,9,2,2,2,NA
"332",NA,NA,NA,NA,NA,1,1,NA,NA,20,1,NA,NA,NA,NA,NA,NA,NA,1,1,2,5,1,6,2,NA,1,1,3,2,2,1,1
"333",1,1,NA,1,NA,NA,1,NA,1,20,2,1,NA,NA,1,NA,NA,1,1,1,NA,NA,7,4,5,3,NA,1,5,1,1,1,NA
"334",NA,1,NA,1,1,NA,NA,1,1,25,2,NA,NA,NA,NA,NA,NA,1,1,-4,1,3,6,6,5,4,1,1,7,1,2,2,NA
"335",NA,NA,NA,1,NA,NA,1,1,NA,47,1,1,NA,NA,NA,NA,NA,7,1,-4,2,4,4,1,5,3,1,1,5,1,NA,1,1
"336",NA,NA,1,NA,NA,NA,1,1,1,55,1,1,1,NA,NA,1,NA,1,2,4,1,2,NA,NA,5,1,NA,1,8,1,1,1,1
"337",NA,1,1,1,1,1,NA,NA,1,49,1,1,NA,NA,NA,NA,NA,7,1,4,NA,5,NA,7,5,1,1,1,9,1,2,1,1
"338",1,NA,NA,NA,1,1,NA,NA,NA,38,2,1,NA,NA,NA,NA,NA,1,1,-1,2,2,5,2,2,1,1,1,6,1,NA,1,1
"339",1,NA,1,1,NA,1,1,NA,NA,28,1,NA,NA,NA,NA,NA,1,1,4,4,1,5,4,NA,5,1,1,1,9,1,2,NA,1
"340",1,NA,NA,NA,NA,1,1,1,1,51,2,1,NA,NA,NA,NA,NA,1,1,-4,1,3,5,3,8,2,1,1,5,1,1,1,1
"341",1,1,NA,NA,NA,1,1,NA,1,20,1,NA,NA,NA,NA,NA,NA,NA,4,-4,1,1,5,4,5,NA,1,NA,8,1,2,1,1
"342",1,NA,NA,NA,NA,NA,1,1,1,25,1,1,NA,NA,NA,NA,NA,7,2,-4,1,3,4,1,4,3,1,1,NA,2,2,1,1
"343",NA,1,1,NA,1,NA,NA,NA,1,24,1,NA,NA,NA,NA,NA,NA,1,NA,-2,1,2,6,4,2,1,1,1,10,1,2,NA,NA
"344",1,NA,NA,NA,1,NA,NA,1,NA,34,2,1,NA,1,NA,NA,NA,1,1,1,NA,1,4,4,5,NA,1,1,4,1,1,NA,1
"345",NA,NA,NA,NA,NA,NA,1,1,1,32,2,NA,NA,1,NA,NA,NA,7,4,4,1,2,7,5,5,3,1,1,4,2,2,1,1
"346",1,1,NA,1,NA,NA,1,1,1,32,2,NA,NA,NA,NA,NA,NA,NA,2,0,1,NA,7,3,5,5,1,1,5,1,NA,NA,1
"347",1,1,NA,NA,1,1,1,NA,1,32,2,NA,NA,NA,NA,NA,NA,7,1,NA,1,1,3,NA,2,3,1,1,3,1,2,1,1
"348",NA,NA,NA,NA,NA,NA,1,1,NA,36,2,1,NA,NA,NA,NA,NA,1,NA,NA,1,2,5,6,3,5,1,1,NA,1,2,2,1
"349",1,NA,1,1,1,NA,NA,1,NA,24,2,NA,NA,NA,NA,NA,NA,1,2,-4,1,NA,7,2,6,NA,1,1,7,NA,2,1,1
"350",1,NA,NA,1,NA,1,1,1,1,30,1,1,NA,NA,NA,NA,NA,1,3,2,1,NA,5,1,5,4,1,1,6,1,2,1,NA
"351",1,1,NA,1,1,NA,NA,NA,1,25,1,1,NA,NA,NA,NA,NA,0,3,-3,1,4,5,4,5,3,1,NA,4,1,2,1,NA
"352",NA,1,NA,NA,1,1,NA,1,1,61,1,1,NA,NA,NA,NA,NA,1,4,2,1,1,5,5,5,5,1,1,6,1,NA,2,NA
"353",1,1,NA,NA,NA,1,1,1,NA,37,2,1,NA,NA,NA,NA,NA,1,1,3,1,5,6,4,5,4,1,NA,8,2,2,1,1
"354",NA,1,1,NA,NA,1,1,NA,NA,55,1,1,NA,NA,NA,NA,NA,NA,1,4,1,5,6,4,4,3,1,1,9,1,2,1,1
"355",NA,NA,NA,NA,NA,NA,NA,1,NA,25,1,1,NA,NA,NA,NA,NA,7,1,4,1,3,5,NA,5,2,1,1,8,1,NA,1,NA
"356",1,NA,1,NA,1,NA,1,NA,1,39,2,NA,NA,NA,NA,NA,NA,1,1,-2,2,4,6,NA,6,5,1,1,7,1,2,1,1
"357",1,1,1,1,NA,NA,NA,1,NA,23,2,1,NA,NA,NA,1,NA,0,1,4,1,7,4,2,6,4,1,1,8,1,2,1,NA
"358",1,NA,1,NA,NA,NA,NA,1,1,31,2,NA,NA,NA,NA,NA,NA,1,NA,3,2,1,4,4,5,3,1,1,7,1,2,1,1
"359",1,NA,1,NA,1,1,NA,NA,NA,22,1,NA,NA,NA,1,NA,NA,7,4,3,1,3,2,1,2,3,1,1,6,2,2,1,1
"360",NA,1,NA,1,1,1,1,1,1,21,1,NA,NA,NA,NA,NA,NA,8,2,1,1,3,4,6,3,1,1,1,5,1,2,1,1
"361",1,NA,NA,NA,NA,1,NA,NA,NA,45,1,1,NA,NA,NA,NA,NA,NA,1,-4,1,1,5,4,4,NA,1,1,10,NA,2,1,1
"362",1,NA,NA,1,1,1,NA,1,1,46,1,1,NA,NA,NA,NA,NA,8,1,-2,1,4,NA,NA,5,5,1,1,5,1,2,1,1
"363",NA,NA,NA,NA,NA,1,1,NA,NA,66,1,NA,NA,NA,NA,NA,NA,7,1,2,1,3,7,1,5,5,1,1,8,1,NA,1,NA
"364",NA,1,NA,1,NA,1,NA,NA,NA,27,2,1,1,NA,NA,NA,NA,1,1,4,1,1,1,3,5,1,1,1,6,1,2,1,1
"365",NA,NA,NA,1,1,1,1,NA,1,51,2,1,NA,NA,NA,NA,NA,1,4,4,1,1,4,1,4,1,1,1,4,2,1,1,1
"366",1,NA,1,NA,1,NA,1,NA,NA,27,2,NA,NA,NA,NA,NA,NA,0,1,-4,1,2,5,4,5,5,1,1,8,2,1,1,1
"367",1,NA,NA,1,1,1,1,NA,NA,38,2,NA,NA,NA,NA,NA,NA,7,1,3,1,3,5,2,5,NA,1,1,7,NA,2,1,1
"368",NA,NA,NA,NA,1,1,1,NA,1,34,2,NA,1,1,NA,NA,NA,7,NA,4,2,6,4,3,5,3,1,1,NA,1,1,1,1
"369",NA,NA,NA,1,NA,1,1,1,NA,65,2,1,NA,NA,NA,NA,NA,1,1,2,NA,3,6,5,5,NA,1,1,6,1,2,1,NA
"370",NA,NA,NA,1,NA,1,1,NA,NA,31,1,1,NA,1,NA,NA,NA,1,1,4,1,1,4,2,6,2,1,1,7,1,2,1,1
"371",1,NA,NA,1,NA,NA,1,NA,NA,56,1,1,NA,NA,NA,NA,NA,1,1,-4,1,5,6,3,NA,1,1,1,9,2,2,NA,NA
"372",NA,1,1,1,1,NA,NA,NA,1,33,1,NA,NA,1,NA,NA,NA,1,2,0,2,NA,NA,5,4,5,1,1,6,1,2,1,1
"373",NA,NA,NA,1,NA,1,1,NA,1,25,1,NA,NA,NA,NA,NA,NA,7,1,-4,2,2,7,4,5,5,1,1,8,1,2,1,1
"374",1,NA,NA,1,1,1,1,1,1,28,1,1,NA,NA,NA,NA,NA,8,2,-3,1,3,5,7,5,5,1,1,8,2,2,2,1
"375",1,NA,1,NA,1,NA,1,NA,NA,37,NA,NA,NA,NA,NA,NA,NA,0,1,-4,1,3,5,NA,4,3,1,1,7,1,2,NA,NA
"376",1,NA,1,1,NA,1,NA,1,NA,56,NA,1,NA,NA,NA,NA,NA,5,4,-1,NA,4,NA,NA,NA,1,1,1,7,1,2,1,NA
"377",NA,NA,NA,NA,1,NA,NA,1,1,25,2,1,NA,NA,NA,NA,NA,1,4,3,1,2,5,2,5,1,1,1,6,NA,1,1,1
"378",1,1,NA,1,1,1,NA,1,1,38,2,1,NA,NA,NA,NA,NA,10,1,-1,NA,1,NA,6,2,5,1,1,NA,1,NA,1,NA
"379",1,1,NA,NA,NA,NA,NA,NA,1,19,2,1,NA,NA,NA,NA,NA,1,5,1,1,5,5,5,4,4,1,1,6,1,2,2,1
"380",1,NA,NA,1,NA,NA,1,1,1,53,1,NA,NA,NA,NA,NA,NA,0,NA,0,2,3,4,7,6,3,1,NA,6,1,2,NA,1
"381",NA,NA,1,NA,NA,1,1,1,1,30,2,NA,NA,NA,NA,1,NA,1,1,-2,2,2,4,6,7,4,1,1,6,1,1,1,1
"382",NA,1,NA,NA,NA,NA,1,NA,NA,35,2,1,NA,NA,NA,1,NA,1,1,4,NA,2,7,4,5,3,1,1,3,1,NA,1,1
"383",NA,1,1,NA,NA,1,NA,NA,NA,22,2,1,NA,NA,NA,NA,NA,8,1,2,1,6,4,2,3,2,1,1,6,2,2,1,1
"384",NA,1,NA,1,NA,NA,NA,NA,1,21,NA,1,NA,NA,NA,NA,NA,7,NA,1,1,1,7,4,5,3,1,1,5,1,1,1,1
"385",1,NA,NA,1,1,NA,NA,NA,1,24,2,1,NA,NA,NA,NA,NA,1,2,2,1,1,5,5,5,5,1,1,3,1,NA,NA,1
"386",NA,NA,1,NA,NA,1,1,NA,1,30,2,NA,NA,NA,NA,NA,NA,1,1,-4,NA,2,6,1,4,5,1,1,NA,1,1,1,1
"387",NA,NA,NA,NA,NA,1,NA,1,NA,32,2,1,NA,NA,NA,NA,NA,0,1,-4,2,1,4,5,5,2,1,NA,5,1,2,2,1
"388",NA,1,1,1,1,1,NA,NA,1,NA,1,NA,NA,NA,NA,NA,NA,1,1,-1,1,3,5,4,4,2,1,1,4,2,2,2,NA
"389",NA,NA,1,1,NA,NA,1,1,NA,22,1,1,NA,NA,NA,NA,NA,10,4,NA,2,3,NA,1,5,2,1,1,NA,1,2,1,1
"390",NA,NA,1,NA,NA,1,1,1,NA,62,1,NA,NA,NA,NA,NA,NA,0,1,4,1,1,5,5,5,2,1,1,6,1,2,1,1
"391",NA,1,NA,1,NA,1,NA,NA,NA,48,NA,1,NA,NA,NA,NA,NA,1,4,3,2,NA,4,4,6,1,1,1,4,1,1,1,1
"392",1,1,1,NA,NA,1,1,NA,NA,39,2,1,NA,NA,1,NA,NA,7,1,NA,1,5,4,1,4,4,1,1,9,1,2,NA,1
"393",NA,NA,1,1,1,1,NA,NA,1,NA,1,NA,NA,NA,NA,NA,NA,1,1,2,1,3,7,6,5,NA,1,1,5,1,2,2,1
"394",NA,1,NA,1,1,1,1,NA,1,19,2,NA,NA,NA,NA,NA,NA,1,1,-4,1,4,6,4,6,2,1,1,8,1,2,1,1
"395",1,NA,NA,NA,1,1,1,NA,NA,24,1,1,NA,NA,NA,NA,NA,1,4,-4,1,NA,3,6,NA,5,1,1,5,2,2,1,1
"396",1,NA,NA,NA,1,1,1,NA,1,32,NA,NA,NA,NA,NA,NA,NA,1,2,-4,1,4,7,3,2,5,1,1,6,1,1,1,1
"397",1,NA,NA,NA,1,NA,1,NA,1,NA,1,NA,NA,NA,NA,NA,NA,1,NA,-4,2,3,3,NA,5,1,1,NA,9,1,2,1,NA
"398",1,1,1,NA,1,NA,NA,1,1,35,1,1,NA,NA,NA,NA,NA,10,NA,2,1,1,6,3,NA,1,1,1,5,1,2,1,NA
"399",1,NA,NA,1,NA,1,1,1,1,55,1,1,NA,NA,NA,NA,NA,NA,1,-4,1,4,5,7,2,4,1,1,6,1,1,1,1
"400",1,1,1,NA,1,1,NA,1,1,42,1,1,NA,NA,NA,NA,NA,NA,NA,0,1,1,NA,2,5,1,1,NA,6,2,1,2,NA
"401",NA,NA,NA,NA,NA,1,NA,1,NA,23,2,NA,NA,NA,NA,NA,NA,1,1,2,1,1,6,1,4,2,1,1,3,1,2,NA,1
"402",NA,1,NA,NA,1,NA,NA,NA,NA,36,1,1,NA,NA,NA,NA,NA,1,1,-1,1,2,6,4,5,3,1,1,6,1,1,NA,1
"403",NA,NA,1,NA,NA,1,NA,NA,1,32,2,1,NA,NA,NA,1,NA,1,2,NA,2,3,4,2,5,1,1,1,6,NA,2,1,1
"404",1,NA,NA,NA,1,1,1,NA,NA,33,2,NA,NA,NA,NA,NA,NA,8,1,NA,2,1,5,5,4,NA,NA,NA,7,1,2,1,1
"405",1,NA,NA,NA,NA,1,1,1,NA,NA,1,1,NA,1,NA,NA,NA,8,1,-1,1,2,7,1,8,NA,1,1,3,1,2,1,NA
"406",1,NA,NA,NA,NA,NA,1,1,NA,24,2,1,1,NA,NA,NA,NA,1,1,4,1,NA,5,NA,NA,1,1,1,8,2,NA,2,NA
"407",1,1,1,1,1,NA,1,NA,NA,34,2,NA,1,NA,NA,NA,NA,1,2,NA,1,1,5,2,5,3,1,1,9,1,2,1,1
"408",NA,NA,NA,1,1,1,1,NA,1,56,1,1,NA,NA,NA,NA,NA,8,1,-3,1,NA,NA,3,4,1,1,1,5,1,2,2,1
"409",NA,1,1,1,NA,NA,NA,1,NA,23,1,1,NA,NA,NA,NA,NA,1,4,-3,1,5,5,NA,6,3,1,NA,7,1,2,1,1
"410",NA,1,NA,NA,NA,1,1,NA,1,36,2,1,NA,NA,NA,NA,NA,1,1,1,2,1,7,1,NA,1,1,NA,6,2,2,1,1
"411",1,1,NA,NA,1,NA,1,1,NA,36,2,1,NA,NA,NA,NA,NA,1,2,0,1,3,3,4,5,4,1,1,10,1,2,1,1
"412",1,NA,NA,NA,1,NA,1,NA,1,55,2,1,NA,NA,NA,NA,NA,0,1,-4,1,5,5,4,5,2,1,1,7,2,2,1,1
"413",1,NA,1,NA,NA,1,1,1,1,32,2,NA,NA,NA,NA,NA,NA,NA,4,-4,2,2,6,4,4,3,1,1,10,1,2,2,1
"414",NA,NA,1,NA,NA,1,1,1,1,42,2,1,NA,NA,NA,NA,NA,NA,4,2,NA,2,5,4,4,2,1,1,5,1,2,1,1
"415",NA,1,1,NA,1,NA,NA,NA,NA,43,1,NA,NA,NA,NA,NA,NA,7,1,4,1,1,5,6,NA,4,NA,1,6,2,2,1,1
"416",NA,NA,1,1,NA,NA,NA,1,1,NA,1,NA,NA,NA,NA,NA,NA,0,3,-1,NA,1,6,6,5,4,1,1,9,2,1,2,1
"417",NA,1,1,NA,NA,1,1,1,1,28,1,NA,NA,NA,NA,NA,NA,8,3,2,NA,1,7,4,5,NA,1,1,NA,1,2,1,NA
"418",1,1,1,NA,1,NA,NA,NA,1,NA,2,NA,NA,NA,NA,NA,NA,1,4,0,2,1,2,3,5,2,1,1,6,1,2,1,NA
"419",NA,NA,1,NA,NA,1,1,NA,1,34,2,1,NA,NA,NA,NA,NA,NA,1,2,1,3,5,4,5,3,1,NA,8,1,2,1,1
"420",NA,NA,1,1,NA,1,1,NA,1,49,2,1,NA,NA,NA,NA,NA,0,2,-3,1,1,5,7,5,1,1,1,6,2,2,1,NA
"421",1,NA,1,NA,NA,1,NA,NA,NA,31,1,1,NA,NA,NA,NA,NA,1,1,2,1,4,4,4,5,5,1,1,NA,1,2,1,1
"422",NA,1,1,NA,NA,NA,1,1,1,33,2,NA,NA,NA,NA,NA,NA,1,1,-4,2,3,3,NA,4,3,1,1,8,1,2,2,1
"423",1,1,1,NA,NA,1,1,NA,NA,47,1,NA,NA,NA,NA,NA,1,1,1,-3,1,3,7,7,NA,3,1,1,5,1,2,2,NA
"424",NA,NA,1,1,1,1,1,1,1,36,1,1,NA,NA,NA,NA,NA,8,NA,-4,1,3,6,2,2,NA,1,1,5,1,1,1,1
"425",1,NA,NA,1,1,NA,NA,NA,NA,34,2,NA,NA,NA,NA,NA,NA,1,4,-2,1,2,6,4,NA,2,1,1,6,1,2,1,1
"426",1,NA,1,NA,NA,NA,1,NA,NA,25,2,1,NA,NA,NA,NA,NA,8,1,4,NA,NA,6,5,5,3,NA,1,8,1,2,1,1
"427",1,1,NA,1,1,NA,NA,NA,1,28,1,NA,NA,NA,NA,NA,NA,1,5,0,1,NA,5,2,4,1,1,NA,10,2,2,1,NA
"428",NA,NA,NA,1,NA,NA,1,1,NA,24,1,NA,NA,NA,NA,NA,NA,NA,1,1,2,3,5,4,4,3,1,1,6,NA,NA,NA,1
"429",NA,NA,1,1,NA,NA,1,NA,1,37,2,NA,NA,NA,NA,NA,NA,1,1,-4,1,1,5,2,5,3,1,NA,5,1,1,1,1
"430",1,1,1,NA,1,1,NA,1,NA,28,2,NA,NA,NA,NA,NA,NA,1,4,3,1,3,NA,3,4,3,1,1,10,1,2,NA,NA
"431",1,NA,NA,1,NA,1,1,1,NA,56,1,1,NA,NA,NA,NA,NA,8,1,-4,2,1,5,7,5,3,1,1,6,1,2,1,1
"432",1,NA,NA,NA,NA,1,NA,1,NA,NA,2,1,NA,NA,NA,1,NA,1,NA,0,1,2,6,5,5,3,1,1,3,1,1,1,NA
"433",1,NA,1,1,NA,1,1,1,1,27,1,1,NA,NA,NA,NA,NA,NA,5,0,2,6,6,3,4,3,1,1,5,1,2,1,1
"434",NA,NA,NA,NA,1,1,NA,NA,NA,55,1,NA,NA,NA,NA,1,NA,4,1,-4,1,3,6,2,4,NA,1,1,4,1,2,1,NA
"435",1,NA,1,NA,1,1,1,NA,NA,28,2,1,NA,NA,NA,NA,NA,0,1,-4,1,1,4,4,5,4,1,1,7,1,2,2,1
"436",NA,NA,1,NA,NA,NA,1,1,1,55,1,1,NA,NA,NA,NA,NA,1,1,1,1,1,6,4,5,2,1,1,8,1,2,1,1
"437",NA,NA,NA,1,NA,1,NA,NA,1,39,2,NA,NA,NA,NA,NA,NA,1,4,-2,1,NA,5,6,6,5,1,1,8,NA,2,2,1
"438",NA,1,NA,1,1,NA,1,NA,NA,NA,2,NA,NA,NA,NA,NA,NA,7,3,NA,NA,2,7,1,5,3,1,1,8,1,2,1,1
"439",1,NA,1,1,1,NA,NA,NA,NA,28,1,1,NA,NA,NA,NA,NA,1,5,4,2,4,4,4,NA,2,1,1,5,1,2,1,1
"440",NA,1,NA,NA,1,1,1,NA,1,34,2,1,NA,1,NA,NA,NA,1,4,-4,1,3,5,NA,5,NA,1,1,8,1,2,1,1
"441",1,NA,1,1,NA,1,1,NA,NA,25,2,1,NA,NA,NA,NA,NA,0,4,1,1,1,4,2,5,3,1,1,5,2,NA,1,1
"442",NA,NA,NA,NA,NA,NA,1,NA,NA,38,2,1,NA,NA,NA,NA,NA,1,2,4,2,6,4,1,5,4,1,NA,7,2,2,1,1
"443",NA,NA,1,NA,NA,1,1,NA,NA,NA,2,1,NA,NA,NA,NA,NA,1,4,2,1,1,7,6,5,4,1,1,4,1,2,1,1
"444",NA,1,1,1,1,NA,1,NA,1,58,2,NA,NA,NA,NA,NA,NA,0,2,NA,1,3,7,4,2,2,1,NA,5,1,2,2,1
"445",1,NA,NA,NA,NA,1,1,1,1,38,1,NA,NA,NA,1,NA,NA,7,2,2,1,5,6,6,5,1,1,1,10,1,2,2,1
"446",NA,NA,1,NA,1,NA,1,NA,NA,34,NA,1,NA,NA,NA,NA,NA,NA,NA,NA,2,NA,6,4,4,3,1,1,8,1,1,2,1
"447",1,NA,NA,NA,1,NA,1,1,NA,20,1,NA,NA,NA,NA,NA,NA,NA,1,0,1,3,7,1,5,5,NA,1,9,1,2,1,NA
"448",NA,NA,1,NA,1,1,1,NA,1,30,1,1,NA,NA,NA,NA,NA,8,NA,4,2,6,1,4,4,5,NA,1,3,1,1,1,NA
"449",1,1,NA,1,NA,1,1,1,NA,21,1,1,NA,NA,NA,NA,NA,7,1,-3,1,6,NA,2,3,3,NA,1,9,1,2,NA,1
"450",1,1,1,1,NA,NA,1,NA,1,25,1,1,NA,1,NA,NA,NA,7,1,NA,NA,4,5,1,NA,5,1,1,3,1,2,1,NA
"451",NA,1,1,NA,NA,NA,1,1,NA,31,1,1,NA,NA,NA,NA,NA,0,1,NA,NA,1,NA,2,2,2,1,1,7,1,NA,1,NA
"452",NA,1,1,1,NA,1,NA,1,NA,28,2,1,NA,NA,NA,NA,NA,4,1,-1,2,1,4,6,NA,2,1,1,9,1,2,1,1
"453",1,NA,1,1,NA,NA,1,NA,1,NA,2,NA,NA,NA,NA,NA,NA,8,4,2,NA,1,7,3,5,4,1,1,5,1,2,1,NA
"454",1,NA,NA,NA,NA,NA,1,1,NA,24,NA,1,NA,NA,NA,NA,NA,2,NA,3,1,1,5,NA,4,3,1,1,9,1,1,1,NA
"455",1,1,1,NA,1,1,1,NA,1,NA,NA,1,1,NA,NA,NA,NA,0,1,0,1,NA,5,NA,5,4,1,1,5,1,2,1,NA
"456",NA,NA,1,NA,NA,NA,1,NA,1,34,2,1,NA,NA,NA,1,NA,1,1,4,NA,1,5,NA,3,5,1,1,7,2,2,1,NA
"457",NA,1,NA,1,1,1,1,NA,1,42,1,1,NA,NA,NA,NA,NA,1,1,-4,1,3,5,5,4,3,1,1,6,2,2,2,1
"458",NA,NA,1,1,NA,NA,1,NA,1,28,1,NA,NA,NA,NA,NA,NA,1,2,2,1,3,5,1,4,3,1,1,6,2,2,1,1
"459",1,1,NA,1,NA,1,1,NA,1,46,1,1,NA,NA,NA,NA,NA,1,1,3,1,1,6,5,4,4,1,1,6,1,2,1,1
"460",NA,NA,NA,1,NA,1,NA,NA,1,29,2,1,NA,NA,NA,NA,NA,1,1,-4,1,4,5,6,5,3,1,NA,6,1,2,2,1
"461",NA,1,NA,1,1,NA,NA,NA,1,40,1,NA,NA,NA,NA,NA,NA,7,1,-1,1,NA,3,7,5,1,1,1,10,2,2,NA,1
"462",NA,NA,1,NA,1,1,1,1,1,NA,NA,1,NA,NA,NA,NA,NA,1,NA,3,1,NA,2,6,5,2,1,1,8,1,2,1,1
"463",NA,1,NA,NA,1,NA,NA,1,1,41,2,NA,NA,NA,NA,NA,NA,1,NA,-4,2,1,NA,4,4,3,1,1,9,1,2,2,1
"464",1,1,1,1,NA,1,NA,1,1,25,2,1,NA,NA,NA,1,NA,2,1,1,1,4,5,5,4,4,1,1,8,2,2,2,NA
"465",1,NA,NA,1,1,NA,NA,NA,1,34,NA,1,NA,NA,NA,NA,NA,1,1,3,1,2,5,4,2,2,1,1,NA,NA,2,1,1
"466",NA,NA,1,NA,1,NA,NA,NA,NA,46,2,1,NA,NA,NA,NA,NA,1,1,2,2,1,5,NA,2,5,1,1,6,NA,2,1,NA
"467",NA,NA,1,NA,1,1,1,NA,1,50,1,1,NA,NA,NA,NA,NA,1,2,-4,1,1,4,4,4,3,1,1,5,1,2,1,1
"468",NA,NA,1,1,NA,NA,NA,1,NA,34,2,NA,NA,1,NA,NA,NA,8,1,1,1,2,2,3,4,1,1,1,4,1,1,1,NA
"469",1,1,1,1,NA,1,1,NA,NA,36,1,NA,NA,NA,NA,NA,NA,7,1,4,1,3,7,6,4,2,1,1,4,1,2,NA,1
"470",1,NA,1,1,1,1,1,1,NA,27,2,1,NA,NA,NA,NA,NA,1,1,2,NA,NA,5,1,4,4,1,1,7,1,2,1,1
"471",1,NA,NA,NA,NA,1,NA,1,1,59,2,1,NA,NA,NA,NA,NA,1,4,-1,1,5,6,5,5,3,1,1,9,1,2,1,NA
"472",NA,NA,1,NA,NA,1,NA,NA,1,55,2,1,NA,NA,NA,NA,NA,8,NA,4,2,4,3,7,5,2,1,1,8,1,2,2,1
"473",NA,NA,1,NA,1,NA,1,1,NA,29,1,1,NA,1,NA,NA,NA,NA,1,-4,1,3,4,4,3,NA,1,1,11,2,2,1,NA
"474",NA,1,1,1,1,1,NA,1,1,30,NA,1,NA,NA,NA,NA,NA,8,1,-4,2,3,4,6,5,3,1,1,7,1,1,1,1
"475",NA,1,1,1,1,NA,NA,1,1,36,1,NA,NA,NA,NA,NA,NA,1,1,-4,1,1,5,5,4,2,1,1,6,1,1,NA,NA
"476",NA,NA,NA,NA,NA,1,1,1,1,66,2,NA,NA,NA,NA,NA,NA,8,2,NA,1,5,7,1,5,2,NA,1,6,2,2,NA,NA
"477",1,1,1,1,NA,NA,NA,1,NA,NA,1,NA,NA,NA,NA,1,NA,8,1,-3,1,2,4,4,4,3,1,1,NA,2,2,1,1
"478",1,1,1,NA,NA,NA,1,1,NA,49,2,1,NA,NA,NA,NA,NA,0,1,-4,1,4,6,2,6,2,1,1,9,1,1,NA,1
"479",1,1,1,NA,NA,NA,NA,NA,NA,24,1,1,1,NA,NA,NA,NA,1,NA,4,1,1,5,NA,2,2,1,NA,5,1,2,1,NA
"480",1,NA,1,1,1,NA,1,1,1,52,2,NA,NA,NA,NA,NA,NA,NA,1,2,1,4,2,3,2,2,NA,1,NA,1,2,1,NA
"481",NA,NA,NA,1,1,NA,1,1,1,62,2,1,NA,NA,NA,NA,NA,1,2,-3,1,NA,NA,5,5,4,1,1,4,1,2,1,1
"482",1,NA,1,NA,1,1,1,NA,1,NA,NA,1,NA,NA,NA,NA,NA,1,1,-4,NA,NA,7,6,3,4,1,NA,3,1,2,1,NA
"483",1,NA,1,1,1,1,1,NA,1,29,1,NA,NA,NA,NA,NA,NA,7,2,NA,1,2,7,2,5,NA,1,1,6,2,2,1,NA
"484",1,NA,NA,1,NA,1,1,1,NA,55,NA,NA,NA,NA,NA,NA,NA,1,5,0,1,1,4,6,NA,5,1,NA,6,1,2,2,NA
"485",NA,NA,1,1,NA,NA,NA,NA,1,29,2,1,NA,NA,NA,NA,NA,NA,1,-1,2,6,5,3,3,5,1,1,6,1,1,1,1
"486",1,NA,1,1,1,1,1,NA,1,NA,2,1,NA,NA,NA,NA,NA,1,1,3,2,2,3,7,4,NA,1,1,8,1,2,1,1
"487",1,NA,NA,1,1,NA,NA,NA,NA,23,1,1,NA,NA,NA,NA,NA,8,1,0,2,4,NA,1,5,5,1,1,10,2,2,2,1
"488",NA,1,1,1,NA,1,NA,1,1,27,2,1,NA,NA,1,NA,NA,1,2,3,1,2,6,2,5,4,1,1,3,2,2,1,NA
"489",1,NA,1,1,NA,1,1,NA,1,44,1,1,NA,NA,NA,NA,NA,1,1,4,2,4,5,6,3,2,1,1,8,1,2,NA,NA
"490",1,1,1,NA,1,NA,NA,NA,1,60,NA,1,NA,1,NA,1,NA,1,1,NA,1,NA,5,4,6,5,1,1,7,1,2,1,1
"491",NA,1,NA,1,1,NA,1,1,NA,26,1,1,1,NA,NA,1,NA,8,3,0,1,1,5,3,3,4,1,1,7,1,2,2,1
"492",1,1,NA,NA,NA,1,1,1,NA,24,2,NA,NA,NA,NA,NA,NA,1,NA,-4,1,4,4,4,4,2,1,1,4,1,2,NA,1
"493",NA,NA,1,1,NA,1,NA,NA,NA,28,1,1,NA,NA,NA,NA,NA,8,2,3,1,3,5,7,5,2,1,NA,6,NA,2,1,NA
"494",NA,1,NA,1,1,1,NA,1,1,NA,NA,1,NA,NA,NA,NA,NA,7,1,2,2,4,6,7,4,1,1,1,6,1,2,1,1
"495",1,NA,NA,NA,NA,1,NA,1,1,NA,1,1,NA,NA,NA,NA,NA,NA,NA,-4,2,4,5,3,NA,NA,1,1,6,1,1,1,NA
"496",NA,NA,1,NA,1,NA,NA,1,1,33,NA,NA,NA,NA,NA,NA,NA,1,1,NA,1,5,7,2,4,2,NA,1,6,2,2,1,1
"497",NA,NA,1,1,1,1,NA,NA,1,33,1,1,NA,NA,NA,NA,NA,0,1,3,2,1,7,5,4,2,1,1,3,1,2,1,1
"498",1,NA,1,NA,NA,1,1,NA,1,24,2,1,NA,NA,NA,NA,NA,0,1,-4,2,3,5,6,5,3,1,1,8,1,2,1,NA
"499",1,NA,NA,1,NA,1,NA,NA,1,28,1,1,NA,1,NA,NA,NA,0,1,-2,2,6,1,2,5,5,1,1,NA,NA,2,1,1
"500",NA,NA,1,NA,NA,NA,1,NA,NA,38,1,1,NA,NA,NA,1,NA,0,1,-4,1,1,5,1,4,3,1,1,6,1,2,1,1
"501",NA,NA,1,1,NA,1,1,1,1,30,2,1,1,NA,NA,NA,NA,1,1,4,1,1,6,4,4,4,1,NA,6,1,2,1,NA
"502",1,1,NA,NA,1,1,NA,1,1,29,1,1,NA,NA,NA,NA,NA,1,2,1,1,1,6,NA,2,3,NA,1,8,2,2,1,1
"503",NA,1,1,NA,1,NA,1,NA,NA,30,2,1,NA,NA,NA,NA,NA,4,1,NA,2,2,NA,NA,5,2,1,1,9,1,2,2,1
"504",NA,1,1,NA,NA,NA,NA,1,NA,24,2,1,NA,1,1,NA,NA,1,1,0,1,3,5,NA,5,3,1,NA,6,1,2,1,1
"505",1,NA,NA,NA,NA,NA,1,NA,NA,55,2,1,NA,NA,NA,NA,NA,7,1,4,1,5,6,5,4,4,1,1,8,2,2,1,1
"506",NA,NA,NA,NA,NA,1,NA,NA,1,36,2,1,NA,NA,NA,NA,NA,1,NA,-4,NA,1,NA,2,5,3,1,1,NA,NA,2,1,1
"507",NA,NA,1,1,NA,1,1,1,1,47,1,1,NA,NA,NA,NA,NA,0,3,-2,1,NA,5,7,5,NA,1,1,8,NA,2,1,1
"508",1,NA,1,NA,1,NA,NA,1,1,36,2,1,NA,NA,NA,NA,NA,NA,5,0,2,3,7,NA,6,5,1,1,6,NA,NA,2,1
"509",NA,NA,1,NA,1,1,NA,1,NA,23,1,1,NA,1,NA,NA,NA,1,1,-3,1,NA,5,4,6,3,1,1,4,NA,2,1,1
"510",1,NA,NA,1,1,1,1,1,1,38,1,NA,1,NA,NA,NA,NA,1,1,2,1,1,5,6,3,3,NA,1,9,1,2,1,1
"511",NA,NA,1,1,1,NA,1,1,1,63,NA,NA,NA,NA,NA,NA,NA,1,1,4,1,NA,5,4,5,NA,1,1,NA,1,2,2,NA
"512",NA,NA,1,NA,NA,NA,NA,1,NA,41,1,NA,NA,NA,NA,1,NA,8,1,NA,1,NA,5,1,4,3,1,1,7,2,2,1,1
"513",NA,NA,NA,1,1,1,1,NA,1,NA,NA,1,NA,NA,NA,NA,NA,4,4,2,1,6,4,4,5,3,1,1,NA,2,2,1,1
"514",1,1,1,NA,1,NA,NA,1,1,35,2,1,NA,NA,NA,NA,NA,1,2,-3,1,3,4,7,2,3,1,1,NA,1,2,1,1
"515",NA,NA,1,1,1,NA,1,1,1,62,1,1,NA,NA,NA,NA,NA,7,NA,-2,1,NA,6,NA,5,NA,1,1,6,2,2,1,1
"516",NA,1,NA,NA,1,1,1,NA,NA,21,2,NA,NA,1,NA,NA,NA,1,4,-3,1,1,5,1,5,1,NA,1,6,1,2,NA,NA
"517",NA,NA,1,NA,NA,1,NA,NA,NA,55,1,NA,NA,NA,NA,NA,NA,0,2,-1,1,3,NA,5,NA,1,1,1,6,1,NA,2,1
"518",1,1,NA,NA,NA,1,NA,NA,NA,54,2,1,NA,NA,NA,NA,NA,1,4,0,1,2,7,6,3,5,1,1,3,1,2,1,1
"519",1,NA,NA,1,NA,NA,NA,NA,1,35,2,1,NA,NA,NA,NA,NA,NA,1,-1,1,NA,6,NA,4,2,1,1,6,1,2,1,1
"520",NA,1,NA,1,1,NA,NA,1,NA,31,2,NA,NA,NA,NA,1,NA,1,1,-4,2,1,5,4,4,4,1,NA,3,1,2,1,1
"521",1,1,NA,NA,1,1,NA,NA,NA,55,2,1,NA,NA,NA,NA,NA,10,1,NA,2,1,5,NA,5,5,1,1,8,1,2,1,1
"522",1,NA,1,1,NA,NA,NA,NA,NA,28,2,1,NA,NA,NA,NA,NA,7,5,-4,1,7,5,4,3,2,1,1,8,1,1,1,NA
"523",1,1,1,NA,1,NA,1,1,1,40,1,1,NA,NA,NA,NA,NA,NA,1,-4,1,3,4,NA,NA,5,1,1,8,1,2,2,1
"524",1,NA,1,NA,NA,NA,NA,NA,NA,24,2,1,NA,NA,NA,NA,NA,1,4,-2,2,4,5,1,2,5,1,1,7,2,2,NA,1
"525",1,1,NA,NA,NA,NA,1,1,1,25,1,1,NA,NA,NA,NA,NA,7,1,4,2,1,NA,6,6,2,1,1,7,2,NA,1,NA
"526",NA,NA,1,NA,NA,1,1,NA,1,31,2,1,NA,NA,NA,NA,NA,10,NA,-4,1,4,5,4,5,NA,1,NA,9,2,2,NA,1
"527",1,NA,NA,NA,1,1,1,NA,1,22,2,1,NA,NA,NA,1,NA,8,3,4,1,2,6,3,NA,NA,1,1,NA,1,2,1,NA
"528",NA,NA,1,NA,NA,1,NA,NA,1,NA,2,NA,NA,NA,NA,NA,NA,1,1,-4,1,1,5,1,NA,1,1,NA,6,1,2,2,NA
"529",NA,NA,1,NA,NA,1,1,NA,1,25,2,1,NA,NA,NA,NA,NA,4,NA,-4,1,NA,4,5,4,4,1,1,6,1,2,1,NA
"530",NA,NA,1,NA,1,NA,NA,1,1,21,2,1,NA,NA,NA,NA,NA,0,1,NA,2,4,4,3,6,2,1,1,6,1,2,1,1
"531",1,NA,NA,NA,NA,NA,1,NA,NA,28,1,NA,NA,NA,NA,NA,NA,0,1,-2,1,3,5,2,5,2,1,1,6,2,2,1,1
"532",NA,NA,NA,NA,1,NA,NA,NA,1,48,2,1,NA,NA,NA,NA,NA,1,2,4,NA,3,4,6,4,2,1,1,3,1,NA,1,1
"533",NA,NA,1,1,NA,1,NA,NA,NA,34,1,NA,NA,NA,NA,NA,NA,1,1,0,2,5,5,5,5,1,1,1,6,1,2,1,1
"534",NA,NA,1,1,NA,1,NA,1,NA,45,2,NA,NA,NA,NA,NA,NA,7,4,1,2,2,5,4,4,2,1,1,NA,2,2,1,NA
"535",NA,1,1,NA,1,1,1,NA,1,40,2,1,NA,NA,NA,NA,NA,1,1,NA,1,4,5,5,5,1,1,1,4,1,2,2,1
"536",NA,NA,1,1,NA,NA,NA,1,1,24,2,NA,NA,1,NA,NA,NA,8,1,3,NA,1,5,4,4,2,1,1,6,NA,1,2,1
"537",1,NA,NA,1,1,NA,NA,1,NA,30,2,1,NA,1,NA,NA,NA,5,3,-3,2,4,NA,NA,NA,2,NA,1,NA,1,2,1,1
"538",1,NA,NA,1,NA,1,1,NA,NA,24,1,NA,NA,NA,1,NA,NA,2,1,0,2,NA,6,3,5,3,1,1,NA,1,2,1,1
"539",NA,NA,1,1,1,1,1,NA,NA,26,2,NA,NA,NA,NA,NA,NA,NA,3,NA,1,1,4,5,6,4,1,1,5,2,NA,1,NA
"540",1,1,1,1,NA,1,1,NA,1,24,2,NA,NA,NA,NA,1,NA,0,2,2,1,4,6,2,2,4,1,1,5,2,2,1,1
"541",1,1,1,NA,NA,NA,1,1,1,57,2,1,NA,NA,NA,NA,NA,1,1,2,1,2,5,5,5,1,1,1,6,1,2,1,NA
"542",1,1,NA,NA,1,NA,1,1,NA,28,2,1,NA,NA,NA,NA,NA,1,2,1,1,1,4,5,2,4,1,NA,7,1,2,1,1
"543",1,1,NA,1,NA,NA,1,1,NA,NA,2,NA,NA,NA,NA,NA,NA,8,2,-4,2,1,3,NA,NA,4,1,1,7,2,2,2,NA
"544",1,NA,1,1,NA,1,NA,1,NA,35,1,NA,NA,NA,NA,NA,NA,7,1,-4,1,NA,2,2,4,3,1,1,5,1,2,1,1
"545",NA,1,NA,NA,1,1,NA,NA,NA,32,2,NA,NA,NA,NA,NA,NA,8,1,-4,2,3,2,7,3,2,NA,1,4,1,2,1,1
"546",NA,1,1,1,1,1,NA,NA,1,21,2,1,NA,NA,NA,NA,NA,8,1,NA,NA,1,1,2,6,4,1,1,6,1,2,NA,1
"547",1,NA,1,NA,NA,NA,NA,NA,NA,34,1,1,NA,NA,NA,NA,NA,10,2,2,2,3,6,4,4,5,1,1,6,1,1,2,NA
"548",NA,NA,1,NA,NA,NA,1,1,NA,28,2,1,NA,NA,NA,NA,NA,NA,2,-3,1,3,5,NA,6,3,1,1,6,NA,2,1,1
"549",1,NA,1,NA,1,1,NA,1,NA,27,2,NA,NA,NA,NA,NA,NA,8,2,1,1,5,4,3,6,4,1,1,6,2,2,1,1
"550",NA,1,NA,1,1,1,NA,1,1,49,1,NA,NA,NA,NA,NA,NA,8,3,2,1,1,6,5,4,1,NA,1,9,1,2,NA,1
"551",NA,NA,NA,NA,1,1,NA,NA,1,NA,1,1,NA,NA,NA,NA,NA,1,2,4,1,3,3,6,6,1,1,1,6,2,2,1,1
"552",1,NA,1,1,1,NA,1,NA,NA,64,1,NA,NA,1,NA,NA,NA,1,1,NA,2,6,4,4,5,2,1,1,NA,1,1,1,NA
"553",NA,NA,1,1,NA,1,NA,1,1,27,2,NA,NA,NA,NA,NA,NA,NA,1,-4,2,NA,3,1,8,5,1,1,8,1,2,1,1
"554",NA,1,NA,NA,NA,1,1,NA,1,40,1,1,NA,NA,NA,NA,NA,7,1,1,1,4,5,1,5,2,1,1,5,1,1,1,NA
"555",1,NA,1,NA,NA,1,1,1,NA,24,2,1,NA,NA,NA,1,NA,1,1,NA,1,NA,4,4,5,1,1,1,8,1,2,NA,NA
"556",1,1,1,NA,1,1,NA,1,1,25,2,1,NA,NA,NA,NA,NA,1,1,-4,1,3,4,4,4,NA,1,1,5,2,2,1,1
"557",NA,NA,1,1,NA,1,NA,1,1,28,NA,1,NA,NA,NA,NA,NA,1,1,1,2,3,5,1,4,1,1,1,6,1,2,2,1
"558",1,1,NA,NA,NA,1,1,NA,1,48,2,1,NA,NA,NA,NA,NA,NA,5,-4,1,3,5,NA,5,3,1,1,8,1,2,1,1
